35,54,93,102,160,170,244,277,290,336,338,364
0.0,0.0,0.0,0.0,0.7100937578608899,0.05757505086163491,0.0,0.0,0.03666725656903755,0.0,0.19566393470843857,0.0
0.0,0.0,0.0,0.0,0.745069742129604,0.0,0.0,0.0,0.0,0.0,0.2549302578703961,0.0
0.024143083439895317,0.2928124296391735,0.0,0.0,0.05146140578712714,0.0,0.0,0.0,0.24662276206510306,0.0,0.10712474491661367,0.2778355741520874
0.4971811530600732,0.27069824179468577,0.0,0.0,0.0,0.0,0.0,0.0,0.0,0.0,0.0,0.23212060514524097
0.759733131829907,0.0,0.0,0.0,0.0,0.0,0.0,0.0,0.0,0.013711765864071973,0.0,0.226555102306021
0.8050251311124956,0.0,0.0,0.0,0.09780063607453598,0.0,0.0,0.0,0.08815171139433786,0.0,0.009022521418630615,0.0
0.774742610428429,0.0,0.0,0.0,0.22525738957157107,0.0,0.0,0.0,0.0,0.0,0.0,0.0
0.8334962804262949,0.0,0.0,0.0,0.05704363760591095,0.0,0.0,0.0,0.0,0.0,0.10946008196779419,0.0
0.3012494508647344,0.0,0.0,0.0,0.4321882956841735,0.0,0.0,0.0,0.0,0.0,0.266562253451092,0.0
0.2669203696605861,0.0,0.0,0.0,0.0,0.08888964567771304,0.0,0.0,0.12732850220180175,0.0,0.46603943076049476,0.05082205169940434
0.20705121879006497,0.009623834206986792,0.0,0.0,0.0,0.0,0.0,0.0,0.0,0.42369462626891574,0.0,0.3596303207340325
0.0,0.06938047890310162,0.0,0.0,0.0,0.0,0.0,0.0,0.0,0.9306195210968984,0.0,0.0
0.17720155372708254,0.02533810515884455,0.0,0.0,0.0,0.0,0.0,0.0,0.0,0.7974603411140729,0.0,0.0
0.7080411743946202,0.0,0.0,0.0,0.0,0.0,0.0,0.0,0.0,0.0,0.29195882560537983,0.0
0.8254802523807897,0.0,0.0,0.0,0.023058088318394593,0.0,0.0,0.0,0.0,0.0,0.1514616593008157,0.0
0.49975793209868463,0.0,0.0,0.0,0.06163596412884938,0.0,0.0,0.0,0.0,0.0,0.43860610377246595,0.0
0.5964415608099657,0.0,0.0,0.0,0.03475249779028119,0.07691511732415153,0.0,0.0,0.2820778206664159,0.0,0.009813003409185523,0.0
0.3323597939462596,0.5905938822472857,0.0,0.0,0.0,0.0,0.0,0.0,0.0,0.07704632380645472,0.0,0.0
0.13820001203505775,0.0,0.0,0.0,0.0,0.0,0.0,0.0,0.0,0.8602528617914967,0.0,0.0015471261734455518
0.0,0.0,0.0,0.0,0.0,0.0,0.0,0.0,0.0,0.6777521689867767,0.0,0.32224783101322335
0.0,0.0,0.0,0.0,0.0,0.0,0.0,0.0,0.0,0.8727196182991862,0.0,0.12728038170081377
0.0,0.0,0.0,0.0,0.0,0.0,0.0,0.0,0.0,0.7053572178198958,0.1982709472366527,0.0963718349434516
0.31585720869181444,0.0,0.09372728410309908,0.0,0.0,0.0,0.0,0.0,0.0,0.0,0.5904155072050864,0.0
0.03619570235611732,0.0,0.0,0.0,0.4039911269059673,0.0,0.0,0.0,0.0,0.0,0.5598131707379153,0.0
0.8135719612229679,0.0,0.0,0.0,0.0,0.0,0.0,0.0,0.0,0.0,0.18642803877703212,0.0
0.8263497179693794,0.0,0.0,0.0,0.0,0.0,0.0,0.0,0.0,0.0,0.1736502820306204,0.0
0.8439993984217102,0.0,0.0,0.0,0.0,0.0,0.0,0.0,0.0,0.0,0.15600060157828982,0.0
0.7026475065909175,0.0,0.0,0.0,0.0,0.0,0.0,0.0,0.0,0.0,0.2973524934090825,0.0
0.18899719373933224,0.0,0.0,0.0,0.0,0.0,0.0,0.0,0.0,0.4814630409914731,0.0,0.32953976526919476
0.2726125064224117,0.0,0.0,0.0,0.10978213087898686,0.0,0.0,0.0,0.0,0.0,0.6176053626986014,0.0
0.2978278779724923,0.0,0.0,0.0,0.22450017145909154,0.05594700296623761,0.0,0.0,0.0,0.0,0.42172494760217843,0.0
0.8241148620263447,0.0,0.0,0.0,0.05048014252155045,0.0,0.0,0.0,0.0,0.0,0.12540499545210493,0.0
0.7170487187862259,0.0,0.0,0.0,0.002183414724478731,0.0,0.0,0.0,0.0,0.0,0.28076786648929547,0.0
0.37127491703924187,0.0,0.0,0.0,0.0,0.0,0.0,0.0,0.0,0.4665063937868287,0.0,0.16221868917392945
1.0,0.0,0.0,0.0,0.0,0.0,0.0,0.0,0.0,0.0,0.0,0.0
0.5978459570944594,0.3292676689429863,0.0,0.0,0.0,0.0,0.0,0.0,0.0,0.0,0.0,0.07288637396255428
0.17110562251324718,0.26875167846270637,0.0,0.0,0.0,0.0,0.0,0.0,0.0,0.0,0.11178823477341013,0.44835446425063624
0.14085841060604332,0.0,0.0,0.0,0.0,0.0,0.0,0.0,0.0,0.0067570508665322285,0.30530134701393485,0.5470831915134896
0.1192270630820329,0.05182059729450828,0.0,0.0,0.0,0.0,0.0,0.0,0.0,0.6510468707336153,0.0,0.17790546888984346
0.7071081387365045,0.0,0.0,0.0,0.0,0.0,0.0,0.0,0.0,0.01240881080242463,0.0,0.2804830504610708
1.0,0.0,0.0,0.0,0.0,0.0,0.0,0.0,0.0,0.0,0.0,0.0
0.9838127158715294,0.0,0.0,0.0,0.006205184012723539,0.0,0.0,0.0,0.0,0.0,0.009982100115747083,0.0
0.6202397148062473,0.09614281902281746,0.0,0.0,0.0,0.0,0.0,0.0,0.0,0.16745975718462106,0.11615770898631429,0.0
0.44967218633915856,0.0,0.0,0.0,0.1780783419169386,0.0,0.0,0.0,0.0,0.0,0.3722494717439028,0.0
0.12882834040997343,0.570922124929489,0.0,0.0,0.0,0.0,0.0,0.0,0.0,0.0,0.03243708602431328,0.2678124486362243
0.5480059112349671,0.0,0.0,0.0,0.0,0.0,0.0,0.0,0.0,0.4519940887650329,0.0,0.0
0.2101847402462411,0.6246855720551922,0.0,0.0,0.0,0.0,0.0,0.0,0.0,0.16512968769856684,0.0,0.0
0.43667208813174774,0.253226677978793,0.0,0.0,0.0,0.0,0.0,0.0,0.0,0.3101012338894592,0.0,0.0
0.4013854019613698,0.19168717159111043,0.0,0.0,0.0,0.0,0.0,0.0,0.0,0.0,0.0,0.40692742644751984
0.5241322623621744,0.174360554934386,0.0,0.0,0.0,0.0,0.0,0.0,0.0,0.08514617821399154,0.0,0.21636100448944814
0.05611630098299972,0.10280775277366089,0.10301412460617362,0.0,0.0,0.0,0.0,0.017949807459985256,0.0,0.0,0.0,0.7201120141771805
0.3290106460893298,0.0,0.5878715509346623,0.0,0.0,0.0,0.0,0.0,0.0,0.0,0.0,0.08311780297600792
0.26885437836116155,0.5801680019631954,0.0,0.0,0.10642584355291873,0.0,0.0,0.0,0.011003375025822432,0.0,0.03354840109690193,0.0
0.0,1.0,0.0,0.0,0.0,0.0,0.0,0.0,0.0,0.0,0.0,0.0
0.2147471507787693,0.00321875309968084,0.0,0.0,0.0,0.0,0.0,0.1024062691604081,0.0,0.1431613997657596,0.0,0.5364664271953822
0.5623989447838543,0.0,0.182958206316631,0.0,0.0,0.09885610566464215,0.0,0.1557867432348724,0.0,0.0,0.0,0.0
0.2739216366821922,0.08476235158262219,0.0,0.07015574398848055,0.0,0.05975397615205983,0.35633159398262093,0.0,0.0,0.0,0.08432767288514821,0.07074702472687622
0.0,0.0,0.12634861968859717,0.0,0.42769183271283384,0.041654209841460836,0.0,0.0,0.0,0.0,0.404305337757108,0.0
0.0,0.0,0.0,0.0,0.4016561209838057,0.24920268207553392,0.057562530298313375,0.0,0.0,0.0,0.29157866664234705,0.0
0.0,0.0,0.0,0.0,0.6638689864478956,0.0,0.0,0.0,0.0,0.18530782013405037,0.150823193418054,0.0
0.37357548103045146,0.0,0.0,0.0,0.612646864106855,0.0,0.0,0.0,0.0,0.013777654862693592,0.0,0.0
0.2515662719374493,0.0,0.0,0.0,0.6707073313243573,0.0,0.0,0.0,0.0,0.0,0.07772639673819338,0.0
0.3815742902549157,0.0,0.0,0.2361921800087778,0.21329184264186066,0.0,0.010587116714347478,0.0,0.0,0.0,0.15835457038009837,0.0
0.4114825005046136,0.0,0.0,0.0,0.2842167861696287,0.0,0.14167331704223046,0.0,0.0,0.0,0.16262739628352724,0.0
0.0,0.12517913578116582,0.21024650522485086,0.0,0.11399943546197615,0.0,0.15312735872637656,0.0,0.11810332773444011,0.0,0.2793442370711905,0.0
0.0,0.0,0.09539270598066386,0.0,0.0,0.3403947608437049,0.0,0.0,0.2904172847362502,0.19525071098086075,0.0,0.07854453745852019
0.3133088514054978,0.0,0.0,0.0,0.6715074066266641,0.0,0.0,0.0,0.0,0.0,0.015183741967838078,0.0
0.3612643788740891,0.0,0.0,0.0,0.6265333419057839,0.0,0.0,0.0,0.0,0.0,0.01220227922012692,0.0
0.0,0.9054925640832854,0.0,0.0,0.0,0.0,0.0,0.04862059997331523,0.0,0.0,0.0,0.04588683594339928
0.0,0.0,0.0,0.0,0.0,0.0,0.0,0.21805896792840593,0.0,0.6000116534798402,0.0,0.18192937859175382
0.0,0.0,0.0,0.0,0.0,0.0,0.0,0.0,0.0,0.3591113099649055,0.0,0.6408886900350945
0.0,0.0,0.1392349912691893,0.0,0.0,0.0,0.0,0.1292642713041519,0.0,0.10472948405923121,0.0,0.6267712533674276
0.0,0.0,0.4233380602219325,0.0,0.0,0.0,0.0,0.02290154219876882,0.0,0.0,0.0,0.5537603975792987
0.10638554817605395,0.0,0.23712823619251278,0.0,0.0,0.0,0.0,0.0,0.0,0.3403300507195103,0.0,0.316156164911923
0.20659717874070455,0.0,0.011134627778814332,0.32012318684589575,0.07227518083529716,0.0,0.109161414831618,0.0,0.0,0.2807084109676702,0.0,0.0
0.24768157974161298,0.0,0.0,0.0,0.34348997415362514,0.009775821001066299,0.0,0.0,0.0,0.39905262510369555,0.0,0.0
0.21663287445496557,0.0,0.0,0.008903795786834352,0.45127560683910606,0.0,0.0,0.0,0.0,0.0,0.32318772291909403,0.0
0.1263278139727736,0.12063011297256926,0.0,0.0,0.34878371050349544,0.0,0.03880195871632775,0.0,0.0,0.1353775259703213,0.23007887786451273,0.0
0.0,0.20547436594255897,0.009666341766970827,0.0,0.0,0.0,0.16270721602111154,0.0,0.25801503204272636,0.0,0.36413704422663234,0.0
0.0,0.0,0.4369840431507245,0.0,0.0,0.0,0.0,0.1334075714160574,0.0,0.0,0.1850630973326165,0.24454528810060167
0.0,0.0,0.0,0.0,0.23097916170509303,0.0,0.36557334578078154,0.0,0.0,0.40344749251412537,0.0,0.0
0.05204794730888132,0.038183162452795315,0.0,0.38853293764084,0.11740197774220482,0.0,0.27197923822322884,0.0,0.0,0.0,0.1318547366320496,0.0
0.18437610841985178,0.0,0.0,0.0,0.21504836413979503,0.0,0.20505293913326078,0.28206115723855407,0.0,0.11346143106853837,0.0,0.0
0.0,0.40704204966750807,0.0,0.0,0.1867979204657861,0.0,0.4061600298667059,0.0,0.0,0.0,0.0,0.0
0.0,0.4433099273081854,0.0,0.0,0.0,0.0,0.0,0.46593470291756756,0.0,0.0,0.0,0.09075536977424699
0.0,0.0,0.3327918333793755,0.0,0.0,0.0,0.0,0.5649115206789942,0.0,0.0,0.0,0.10229664594163031
0.0,0.0,0.12351911153567367,0.0,0.0,0.0,0.0,0.6941542004193396,0.0,0.0,0.0,0.1823266880449869
0.0,0.0,0.0029434620853975284,0.0,0.0,0.0,0.0,0.6011165374575081,0.0,0.06258578492135874,0.0,0.3333542155357357
0.1729836634832811,0.0,0.24337074030832362,0.0,0.0,0.0331576576557503,0.4456327280887566,0.10485521046388835,0.0,0.0,0.0,0.0
0.0,0.0,0.0,0.0,0.5934206716883735,0.0,0.3599939780536108,0.0,0.0,0.046585350258015655,0.0,0.0
0.0,0.31641949537718794,0.059630737484826085,0.0,0.0,0.36004570464000685,0.0,0.26390406249797915,0.0,0.0,0.0,0.0
0.0,0.06984669775793224,0.5350245414978229,0.0,0.0,0.08654753382358095,0.0,0.308581226920664,0.0,0.0,0.0,0.0
0.0,0.0,1.0,0.0,0.0,0.0,0.0,0.0,0.0,0.0,0.0,0.0
0.0,0.0,0.6905801045595066,0.0,0.0,0.0,0.0,0.0,0.30941989544049336,0.0,0.0,0.0
0.0,0.0,0.6189658209824908,0.0,0.0,0.0,0.0,0.38103417901750924,0.0,0.0,0.0,0.0
0.0,0.0,0.020513325308376705,0.0,0.0,0.0,0.0,0.2958108644338342,0.0,0.1748321251702261,0.0,0.5088436850875631
0.0,0.034220837485344914,0.45173379410806863,0.0,0.0,0.0,0.01332862986252446,0.0010429425073278584,0.0,0.4996737960367342,0.0,0.0
0.0,0.553832474770128,0.20432302019595047,0.06576946558572389,0.0,0.0,0.036260915078901064,0.11854619784789056,0.0,0.021267926521406116,0.0,0.0
0.17366997892026478,0.0,0.41567146718149967,0.0,0.0,0.00040842490067589796,0.25830291913395753,0.0,0.0,0.15194720986360213,0.0,0.0
0.0,0.0,0.0,0.022939649814514625,0.2298873420771133,0.09560551874135106,0.0,0.0,0.5258845184297186,0.0,0.12568297093730244,0.0
0.0,0.0,0.3388566022471975,0.0,0.0,0.24813705979726441,0.0,0.0,0.08855196888115714,0.0,0.0,0.324454369074381
0.0,0.0,0.0,1.0,0.0,0.0,0.0,0.0,0.0,0.0,0.0,0.0
0.26445821024356564,0.0,0.0,0.13444625303601854,0.04560484349625894,0.1730788586348839,0.23878596237198035,0.021337361631787646,0.0,0.12212893132220543,0.0,0.00015957926329956962
0.11209482651541107,0.06558975721375589,0.0,0.0,0.4325590704970666,0.0,0.20735991173531304,0.0,0.0,0.0,0.18239643403845343,0.0
0.0,0.00568713737360344,0.0,0.0,0.4913589976010916,0.0,0.13247250144444017,0.0,0.0,0.0,0.3704813635808648,0.0
0.0,0.0,0.0,0.3470445799278064,0.18587280285596622,0.0,0.32180651891031203,0.0,0.0,0.0,0.1452760983059154,0.0
0.0,0.0,0.05872696918652317,0.0,0.0,0.40072813579350175,0.24756438765562408,0.0,0.1654399372207697,0.0,0.1275405701435813,0.0
0.0,0.0,0.0,0.0,0.3920281155022315,0.10170671646557565,0.0,0.0,0.5062651680321929,0.0,0.0,0.0
0.062017741312710414,0.0,0.0,0.013434898940949786,0.4919062228114889,0.0,0.4326411369348509,0.0,0.0,0.0,0.0,0.0
0.0,0.0,0.0,0.0,0.5286846869342657,0.0,0.47131531306573426,0.0,0.0,0.0,0.0,0.0
0.0,0.24375971291356321,0.0,0.0,0.0,0.0,0.21231103393364523,0.42424531205585825,0.11968394109693326,0.0,0.0,0.0
0.0,0.0,0.24047872930161796,0.0,0.0,0.0,0.3088521981282024,0.2907759796192919,0.0,0.15989309295088774,0.0,0.0
0.0,0.0,0.2255050706648023,0.0,0.0,0.0,0.6818344378305113,0.0,0.0,0.09266049150468635,0.0,0.0
0.0,0.0,0.5909209859148857,0.0,0.0,0.0,0.24096149716058204,0.0,0.1681175169245323,0.0,0.0,0.0
0.0,0.0,0.5077402045569008,0.0,0.0,0.27024316273311694,0.20131835729463066,0.0,0.020698275415351467,0.0,0.0,0.0
0.007521244033843678,0.0,0.0,0.09280781176267104,0.5592592066695904,0.0040842884779469825,0.28674596272004826,0.04958148633589968,0.0,0.0,0.0,0.0
0.0,0.09750065033657972,0.0,0.05584152217645996,0.5684959113376724,0.0,0.24984755098216993,0.017912353794738302,0.010402011372379658,0.0,0.0,0.0
0.0,0.23818100963451816,0.0,0.0,0.46770459830220357,0.0,0.12951085828413167,0.0,0.1646035337791465,0.0,0.0,0.0
0.14116513273521702,0.0,0.0,0.24249593814818748,0.05104014539791583,0.2621685532464887,0.0,0.15626918113407207,0.0,0.0,0.0,0.14686104933811894
0.09021570266263133,0.0,0.0,0.0,0.5397382290639026,0.0,0.2831621659392085,0.0,0.0868839023342576,0.0,0.0,0.0
0.0,0.0,0.0,0.0,0.27727711056577764,0.5530919371843247,0.0,0.0,0.1696309522498977,0.0,0.0,0.0
0.0,0.0,0.11856708815989636,0.0,0.0,0.6546790485978342,0.0,0.0,0.16508465985025067,0.0,0.02705836371887141,0.03461083967314752
0.0,0.21806964831923348,0.3935439875758914,0.0,0.3883863641048752,0.0,0.0,0.0,0.0,0.0,0.0,0.0
0.0,0.0,0.42749767426116064,0.0,0.0,0.0,0.0236629621500317,0.18092423393902773,0.0,0.1202187272041982,0.0,0.24769640244558172
0.0,0.0,0.6452831779648619,0.0,0.0,0.0,0.08284350894419236,0.0,0.0,0.27187331309094576,0.0,0.0
0.0,0.0,0.0,0.077877334369275,0.15173224109231848,0.46028420596435154,0.05513681513994634,0.0,0.0,0.25496940343410857,0.0,0.0
0.0,0.21717735947303854,0.15441442116937512,0.05453965595686683,0.4191408444121472,0.10766638996844642,0.0,0.0,0.0,0.0,0.0,0.0470613290201258
0.0,0.04956602656399009,0.5749559248926808,0.0,0.0022428848619844566,0.3732351636813447,0.0,0.0,0.0,0.0,0.0,0.0
0.0,0.0,0.8636103150677434,0.0,0.0,0.1363896849322566,0.0,0.0,0.0,0.0,0.0,0.0
0.0,0.20679052153280914,0.5305565675546571,0.0,0.25618723889504175,0.0,0.0,0.0,0.0,0.006465672017492085,0.0,0.0
0.027506879080506252,0.0,0.03924662060549489,0.028882641346724806,0.5878395698764962,0.07424282051117115,0.0,0.0,0.0,0.0,0.2422814685796067,0.0
0.09781566307023337,0.0,0.0,0.0,0.5675552271884248,0.08335332418831709,0.0,0.0,0.0,0.0,0.2512757855530247,0.0
0.0,0.0,0.0,0.0,0.7307893757486537,0.15249531688809712,0.0,0.0,0.0,0.0,0.11671530736324913,0.0
0.0,0.0,0.04266533000277273,0.0,0.8216300211935205,0.062499791866993885,0.0,0.0,0.0,0.0,0.07320485693671296,0.0
0.0,0.0,0.0,0.0,0.4451707297872112,0.42668403712397945,0.0,0.0,0.0,0.0,0.12814523308880954,0.0
0.0,0.0,0.0,0.0,0.4377842363455705,0.33447378850070286,0.0,0.0,0.0,0.0,0.22774197515372668,0.0
0.04592443630978815,0.0,0.0,0.0,0.7028378857304578,0.16540918456554027,0.0,0.0,0.0,0.0,0.08582849339421371,0.0
0.04912914827252042,0.0,0.012721520113402813,0.0,0.8710960542770583,0.0,0.0,0.0,0.0,0.0,0.06705327733701844,0.0
0.07731223551317659,0.0,0.017661546768314627,0.0,0.8810502198602977,0.0,0.0,0.0,0.0,0.0,0.023975997858211067,0.0
0.0,0.2647965472570392,0.15574782451305189,0.0,0.5794556282299087,0.0,0.0,0.0,0.0,0.0,0.0,0.0
0.0,0.10831239084629267,0.24209496296242858,0.0,0.0,0.05292386818602788,0.0,0.07653390699775474,0.0,0.0,0.0,0.5201348710074961
0.0,0.0,0.8281148877463238,0.0,0.0,0.0,0.0,0.016455745822304715,0.0,0.0,0.0,0.1554293664313714
0.0,0.0,0.8213473963861945,0.0,0.0,0.17865260361380553,0.0,0.0,0.0,0.0,0.0,0.0
0.13571168474953507,0.0,0.6334817971383904,0.0,0.0,0.2308065181120746,0.0,0.0,0.0,0.0,0.0,0.0
0.0,0.05307260071765062,0.15063204043516068,0.10494156405761654,0.5453021936076156,0.0,0.0,0.0,0.0,0.0,0.0,0.1460516011819566
0.0,0.23554963074685006,0.4740812291497673,0.204365191965216,0.08600394813816667,0.0,0.0,0.0,0.0,0.0,0.0,0.0
0.3357876982843071,0.0,0.11514033744864169,0.0,0.19356048238497453,0.3555114818820767,0.0,0.0,0.0,0.0,0.0,0.0
0.03281860738110552,0.0,0.0,0.0,0.6257937275602039,0.3219424642577161,0.019445200800974463,0.0,0.0,0.0,0.0,0.0
0.0,0.0,0.0,0.0,0.4149284439132017,0.5742472073951517,0.0,0.0,0.010824348691646734,0.0,0.0,0.0
0.0,0.0,0.0,0.0,0.13678112560367783,0.8632188743963222,0.0,0.0,0.0,0.0,0.0,0.0
0.0,0.0,0.15879293675550438,0.0,0.7981410261009565,0.0430660371435391,0.0,0.0,0.0,0.0,0.0,0.0
0.0,0.0,0.1748830490592318,0.0,0.7370044605576874,0.08811249038308078,0.0,0.0,0.0,0.0,0.0,0.0
0.0,0.1927153920251523,0.0,0.0,0.07550963427583741,0.6902755431000711,0.0,0.04149943059893918,0.0,0.0,0.0,0.0
0.0,0.047722958014489274,0.22086662068674487,0.0,0.2697139574189607,0.3723244313112154,0.0,0.08937203256858972,0.0,0.0,0.0,0.0
0.0,0.0,0.0,0.0,0.7246717756223562,0.16453330179831857,0.0,0.0,0.1107949225793253,0.0,0.0,0.0
0.0,0.0,0.0,0.0,0.20922812615044795,0.790771873849552,0.0,0.0,0.0,0.0,0.0,0.0
0.0,0.0,0.0,0.0,0.37993660391326406,0.5346415701520055,0.0,0.0,0.08542182593473048,0.0,0.0,0.0
0.0,0.0,0.0,0.0,0.9189247139590031,0.060537086334310236,0.0,0.0,0.02053819970668654,0.0,0.0,0.0
0.0,0.0,0.0,0.0,1.0,0.0,0.0,0.0,0.0,0.0,0.0,0.0
0.0,0.0,0.0,0.0,1.0,0.0,0.0,0.0,0.0,0.0,0.0,0.0
0.0003493616615909273,0.0,0.03073738964050833,0.0,0.9653255705968113,0.0,0.0,0.0,0.0,0.0035876781010894037,0.0,0.0
0.0,0.09212918352108986,0.03901593297073729,0.0,0.6184206291396954,0.11507877452588108,0.0,0.13535547984259633,0.0,0.0,0.0,0.0
0.0,0.0,0.6238015154552574,0.0,0.0,0.34050094487846744,0.0,0.0,0.035697539666275147,0.0,0.0,0.0
0.0,0.0,0.2385876430987901,0.0,0.0,0.7614123569012099,0.0,0.0,0.0,0.0,0.0,0.0
0.0,0.07189818471614026,0.06315337956498618,0.0,0.6759352075996634,0.0790683153675522,0.0,0.10994491275165794,0.0,0.0,0.0,0.0
0.0,0.0,0.0,0.0,0.6007373729312081,0.0520132565403415,0.3055403956128172,0.0,0.0,0.041708974915633225,0.0,0.0
0.0010739275115811925,0.02135395440722933,0.0,0.0,0.8602096542500048,0.0,0.08487164202257116,0.0201038471020691,0.0,0.012386974706544193,0.0,0.0
0.0,0.1311187881432631,0.05792880025503237,0.0,0.6382484720984021,0.0,0.0,0.1437686541246619,0.0,0.02893528537864057,0.0,0.0
0.0,0.20919942037343559,0.0,0.0,0.6305706403584846,0.0,0.038732345301442414,0.12149759396663734,0.0,0.0,0.0,0.0
0.0,0.0,0.0,0.0,0.0,1.0,0.0,0.0,0.0,0.0,0.0,0.0
0.0,0.0,0.0527479712905082,0.0,0.0,0.8165663423924409,0.0,0.0,0.0,0.0,0.0,0.13068568631705085
0.0,0.40811248080358176,0.0,0.0,0.07427736153102597,0.2741802969299906,0.0,0.24342986073540174,0.0,0.0,0.0,0.0
0.23193867055786527,0.012824226952019149,0.0,0.0,0.29309440368394446,0.19969594380550382,0.0,0.26244675500066733,0.0,0.0,0.0,0.0
0.18657520103163322,0.0,0.0,0.0,0.6563659728837792,0.03404873693830507,0.12301008914628248,0.0,0.0,0.0,0.0,0.0
0.07960583518500643,0.0,0.0,0.0,0.9076485042418885,0.0,0.0,0.0,0.0,0.0,0.012745660573105083,0.0
0.10474961148758816,0.0,0.0,0.0,0.6287639866457913,0.19818776872039204,0.06829863314622858,0.0,0.0,0.0,0.0,0.0
0.0,0.0,0.0,0.0,0.5446492179913267,0.4553507820086732,0.0,0.0,0.0,0.0,0.0,0.0
0.0,0.0,0.0,0.0,0.18257645519750654,0.8174235448024935,0.0,0.0,0.0,0.0,0.0,0.0
0.0,0.015246670757978222,0.0,0.0,0.8868299426435317,0.0,0.0,0.09792338659848975,0.0,0.0,0.0,0.0
0.09288772187997378,0.11286043209560853,0.0,0.0,0.5599162830548273,0.0,0.0,0.23433556296959035,0.0,0.0,0.0,0.0
0.08988308072823226,0.0,0.0,0.16847846252225684,0.4142025073187137,0.053329080443740684,0.16551832050706256,0.10858854847999394,0.0,0.0,0.0,0.0
0.03976116556434451,0.0,0.0,0.23544282491400173,0.26244133931698405,0.2905500816190258,0.06826738524939138,0.0,0.0,0.10353720333625252,0.0,0.0
0.08105293491132079,0.0,0.0,0.0,0.6969505183951732,0.009234586497502787,0.21276196019600327,0.0,0.0,0.0,0.0,0.0
0.0,0.0,0.0,0.0,0.3224789915966382,0.6775210084033618,0.0,0.0,0.0,0.0,0.0,0.0
0.0,0.0,0.0,0.0,0.0,0.9109371578716882,0.0,0.0,0.08906284212831185,0.0,0.0,0.0
0.0076622960019858515,0.0,0.0,0.02891715056964761,0.4230179502821567,0.2429955376457814,0.1978114544274365,0.0,0.0,0.09959561107299192,0.0,0.0
0.0,0.4304426640146262,0.11063852493925011,0.0,0.0,0.10436012751011003,0.0,0.35455868353601366,0.0,0.0,0.0,0.0
0.12465130890412282,0.0,0.0,0.0,0.399876141980274,0.1631256632436483,0.0,0.3123468858719549,0.0,0.0,0.0,0.0
0.1256910462306141,0.0,0.0,0.0,0.6146556229436823,0.005227295441720482,0.2544260353839831,0.0,0.0,0.0,0.0,0.0
0.0,0.0,0.0,0.0,0.672644581766794,0.0,0.21638672680209234,0.0,0.0,0.0,0.11096869143111374,0.0
0.0,0.0,0.0,0.0,0.0792758340654295,0.8418688688227518,0.07885529711181906,0.0,0.0,0.0,0.0,0.0
0.0,0.0,0.0,0.0,0.013681063051644326,0.8204309050088264,0.09321685828969492,0.0,0.0726711736498343,0.0,0.0,0.0
0.0,0.0,0.13626279646518352,0.0,0.6232026580993941,0.0,0.13068146672395237,0.07517508383272004,0.0,0.03467799487874988,0.0,0.0
0.0,0.07462731989425302,0.0,0.04755816406769136,0.5229221583774837,0.0,0.2022014930277174,0.052054742709034776,0.0,0.0,0.10063612192381978,0.0
0.0,0.08985292789085995,0.0,0.013575967394600907,0.49907993817200635,0.0,0.0,0.08651683665709924,0.08838986285033758,0.0,0.1413650848059858,0.0812193822291101
0.08000363898778962,0.20603465247774205,0.0,0.0,0.0,0.2580951570480398,0.0,0.4558665514864284,0.0,0.0,0.0,0.0
0.0,0.0021995144580358337,0.039432124060611876,0.0,0.5483786256845727,0.0,0.0,0.40998973579677955,0.0,0.0,0.0,0.0
0.0,0.0,0.15218944161101194,0.0,0.0,0.5130206654131735,0.11722434085103367,0.0,0.2175655521247809,0.0,0.0,0.0
0.0,0.0,0.3581267074533724,0.0,0.0,0.15501108421402116,0.17227646467374902,0.0,0.31458574365885755,0.0,0.0,0.0
0.0,0.0,0.0,0.0,0.15717983602667968,0.2770459716813745,0.49646999919315876,0.0693041930987871,0.0,0.0,0.0,0.0
0.0,0.0,0.0,0.0,0.4414474621110166,0.03732772720227446,0.3656605600528271,0.1555642506338818,0.0,0.0,0.0,0.0
0.0,0.0,0.0,0.0,0.3477938121790672,0.10600032408293562,0.5462058637379972,0.0,0.0,0.0,0.0,0.0
0.0,0.0,0.0,0.0,0.42204428274818884,0.0,0.5677900271705063,0.010165690081304867,0.0,0.0,0.0,0.0
0.0,0.0,0.004113451129267671,0.0,0.5114873936477927,0.05906294576145779,0.4253362094614818,0.0,0.0,0.0,0.0,0.0
0.0,0.0,0.0,0.0,0.03767061400057871,0.6990814534883643,0.038285381183876685,0.0,0.22496255132718032,0.0,0.0,0.0
0.0,0.0,0.0,0.0,0.0,0.7324778999063334,0.0,0.015604716269155175,0.25191738382451145,0.0,0.0,0.0
0.0,0.0,0.0,0.0,0.5875256951206319,0.0,0.4124743048793681,0.0,0.0,0.0,0.0,0.0
0.0,0.0,0.0,0.0,0.5214600479593631,0.016667749733301034,0.36000101787006056,0.09829729747523974,0.0,0.0,0.0035738869620356634,0.0
0.0,0.26827202313057363,0.0,0.0,0.13342740410943094,0.10179043057715274,0.0,0.49651014218284273,0.0,0.0,0.0,0.0
0.0,0.06118947595087474,0.2064499175675948,0.0,0.0,0.0,0.0,0.5075549477774455,0.0,0.0,0.0,0.224805658704085
0.0,0.0,0.06905473219730948,0.0,0.05545951490655599,0.3730733528027224,0.0,0.3523529440213696,0.0,0.13038002639730262,0.0,0.019679429674739873
0.0,0.0,0.6593798130676928,0.0,0.0,0.08753226233499908,0.05017999190936881,0.20290793268793916,0.0,0.0,0.0,0.0
0.0,0.0,0.04352628024815418,0.0,0.0,0.4725648839763981,0.0,0.0,0.4839088357754477,0.0,0.0,0.0
0.05420088203423114,0.0,0.0,0.0,0.15024226849902125,0.607129692724317,0.014995465548289648,0.17343169119414087,0.0,0.0,0.0,0.0
0.0,0.0,0.0,0.0,0.6317273383783865,0.0586284447660065,0.16048767114051654,0.0,0.14915654571509054,0.0,0.0,0.0
0.0,0.0,0.0,0.0,0.7129625168087113,0.1505116982005266,0.13652578499076212,0.0,0.0,0.0,0.0,0.0
0.0,0.0,0.0,0.0,0.6239047618054091,0.0,0.13760254713839515,0.0,0.22673575481469424,0.0,0.011756936241501554,0.0
0.0,0.05930601953072379,0.26607840739119837,0.0,0.0,0.21434963946984223,0.0,0.3761851876000358,0.0,0.0,0.0,0.0840807460081998
0.0,0.0,0.3239168828672103,0.0,0.0,0.5295286831125184,0.0,0.14655443402027124,0.0,0.0,0.0,0.0
0.0,0.0,0.5058980387582576,0.0,0.0,0.0,0.0,0.27025676262151777,0.22384519862022467,0.0,0.0,0.0
0.0038465702003312526,0.0,0.0,0.0,0.0,0.4399840740562843,0.0,0.5561693557433846,0.0,0.0,0.0,0.0
0.04859827261353381,0.0,0.0,0.0,0.2878729493972523,0.5882002581631725,0.04834794135261019,0.0,0.026980578473431233,0.0,0.0,0.0
0.0,0.0,0.0,0.0,0.6807807274989904,0.22340218729647934,0.09431099939123877,0.0,0.001506085813291501,0.0,0.0,0.0
0.0,0.0,0.0,0.0,0.6178422952664515,0.23328130504046468,0.1163541553952645,0.0,0.03252224429781932,0.0,0.0,0.0
0.0,0.034011832824570876,0.0,0.0,0.43602767336959575,0.2651589198115143,0.0,0.2648015739943191,0.0,0.0,0.0,0.0
0.0,0.0,0.04329396741902681,0.0,0.0,0.3662431652309777,0.0,0.39644760324688827,0.19401526410310727,0.0,0.0,0.0
0.0,0.0,0.15712140092998256,0.0,0.0,0.26231198758369706,0.0,0.0,0.5805666114863205,0.0,0.0,0.0
0.0,0.132860399881035,0.297150425670103,0.0,0.10176440573075411,0.0,0.0,0.4682247687181079,0.0,0.0,0.0,0.0
0.0,0.0,0.484869377117326,0.0,0.0,0.0,0.023619635692392532,0.37937222233539564,0.0,0.11213876485488579,0.0,0.0
0.0,0.0,0.398505917330202,0.0,0.0,0.0,0.0,0.5120763293330983,0.0,0.0,0.0,0.08941775333669964
0.0,0.0,0.1994606229906765,0.0,0.0,0.23138483682456573,0.19086323110291975,0.24082711841497098,0.09999382388989418,0.03747036677697288,0.0,0.0
0.0,0.0,0.0,0.0,0.16966520939926066,0.417570562363383,0.41276422823735626,0.0,0.0,0.0,0.0,0.0
0.0,0.0,0.0,0.0,0.6828569929063388,0.006185816289632067,0.310957190804029,0.0,0.0,0.0,0.0,0.0
0.0,0.0,0.0,0.0,0.0,0.31814895149102185,0.0,0.0,0.6818510485089782,0.0,0.0,0.0
0.0,0.0,0.21975770044130466,0.09277156295722845,0.0,0.2104434714700298,0.35602144041509576,0.0,0.0,0.0,0.08745323545465811,0.0335525892616832
0.0,0.0,0.13637102427390627,0.0,0.12565520491335794,0.11155846588621789,0.5718811636478905,0.0,0.0,0.0,0.054534141278627477,0.0
0.0,0.019567860564245212,0.08877246714184008,0.0,0.06639145799284087,0.0,0.2766531217439687,0.5486150925571052,0.0,0.0,0.0,0.0
0.0,0.009205626360140072,0.05739243967051527,0.0,0.2611033288251639,0.0,0.0,0.6722986051441808,0.0,0.0,0.0,0.0
0.0,0.0864927038521301,0.009079045198672147,0.0,0.0768076163421313,0.18048267807383084,0.0,0.6471379565332355,0.0,0.0,0.0,0.0
0.0,0.0,0.0,0.0,0.0,0.2396514158753308,0.0,0.7603485841246692,0.0,0.0,0.0,0.0
0.0,0.0,0.0,0.0,0.0,0.26016117039000397,0.0,0.5021288192740602,0.2377100103359358,0.0,0.0,0.0
0.0,0.0,0.0,0.12732382416932309,0.2547182167015212,0.14014321663755097,0.06708626950150327,0.3070405078434481,0.10368796514665307,0.0,0.0,0.0
0.0,0.05287078326389926,0.0,0.008440352382478186,0.10363906513227635,0.060272024331708855,0.5490154173453382,0.18883395890098914,0.0,0.0,0.0,0.03692839864331005
0.0,0.0,0.0,0.0,0.0,0.0,1.0,0.0,0.0,0.0,0.0,0.0
0.0,0.0,0.0,0.0,0.29700494710490183,0.0,0.7002669447660241,0.0,0.0027281081290740044,0.0,0.0,0.0
0.0,0.0,0.0,0.0,0.193430995000152,0.074698996234384,0.4864681949737662,0.17723152407397472,0.0681702897177231,0.0,0.0,0.0
0.0,0.0,0.0,0.0,0.23196231347247726,0.5101141857102177,0.0652670489018446,0.0,0.19265645191546044,0.0,0.0,0.0
0.0,0.0,0.0,0.0,0.0,0.9731075723047604,0.026892427695239564,0.0,0.0,0.0,0.0,0.0
0.0,0.0,0.0,0.0,0.35427868109088567,0.0,0.6457213189091143,0.0,0.0,0.0,0.0,0.0
0.0,0.0,0.0,0.0,0.10406513705539422,0.0,0.8959348629446058,0.0,0.0,0.0,0.0,0.0
0.0,0.0,0.0,0.0,0.04617968443545506,0.0,0.9538203155645449,0.0,0.0,0.0,0.0,0.0
0.0,0.0,0.0,0.0,0.1513628542968395,0.0,0.8486371457031605,0.0,0.0,0.0,0.0,0.0
0.0,0.0,0.0,0.0,0.21621959252851639,0.0,0.6318877086017807,0.0,0.15189269886970289,0.0,0.0,0.0
0.0,0.0,0.0,0.0,0.0,0.31570225011296493,0.0,0.0,0.6842977498870351,0.0,0.0,0.0
0.0,0.0,0.0,0.0,0.0,0.41471403213230706,0.0,0.0,0.5852859678676929,0.0,0.0,0.0
0.0,0.0,0.0,0.0,0.0,0.018698064822942825,0.7909967007447682,0.04000136972775199,0.15030386470453697,0.0,0.0,0.0
0.011784540841929272,0.0,0.0,0.0,0.2145064749254973,0.0,0.7546239489517055,0.0,0.01908503528086804,0.0,0.0,0.0
0.07026793397099423,0.16585015478034376,0.0,0.0,0.11257819094317034,0.0,0.23080940562468477,0.004146443654927753,0.4163478710258791,0.0,0.0,0.0
0.14715137951175294,0.0,0.0,0.0,0.011793719334788037,0.013156250970795313,0.2204843674685736,0.3745392943477603,0.2328749883663298,0.0,0.0,0.0
0.05107742398125282,0.0,0.0,0.0,0.09463823147605156,0.015140331760429199,0.7069950790701507,0.0,0.1321489337121158,0.0,0.0,0.0
0.0,0.0,0.0,0.0,0.16592687828878094,0.029980991554280995,0.3068933757304503,0.0,0.49719875442648775,0.0,0.0,0.0
0.0,0.0,0.0,0.0,0.0,0.334128308648715,0.0,0.028045424600746303,0.6378262667505389,0.0,0.0,0.0
0.0011671014257669118,0.0,0.0,0.0,0.1620726382033888,0.06993896585278384,0.7151586823072987,0.0,0.05166261221076179,0.0,0.0,0.0
0.01751076526255385,0.05869380702195127,0.0,0.0,0.0,0.0,0.6931826843921879,0.12944586149557719,0.10116688182772979,0.0,0.0,0.0
0.0,0.047355066245197856,0.0,0.0,0.0,0.0,0.7038358885778494,0.10443708924357448,0.1443719559333783,0.0,0.0,0.0
0.0,0.0,0.0,0.0,0.0,0.0,0.2824406059051907,0.6721915800035092,0.0,0.04536781409129999,0.0,0.0
0.0,0.0,0.0,0.0,0.0,0.0,0.2156846880815962,0.7454018295387324,0.0,0.0,0.03891348237967157,0.0
0.0,0.0,0.0,0.0,0.0,0.15467361086546738,0.3450377118629988,0.0,0.5002886772715339,0.0,0.0,0.0
0.0,0.0,0.0,0.0,0.0,0.2096366197275709,0.2557291653298618,0.0,0.5346342149425674,0.0,0.0,0.0
0.0,0.0023980347220662803,0.0,0.0,0.007964880175024046,0.0,0.17024694846928828,0.7118142059497745,0.10757593068384701,0.0,0.0,0.0
0.009410919752720426,0.04330841355547916,0.0,0.0,0.024331429857094914,0.0,0.5045993307384891,0.19468919469797613,0.2236607113982403,0.0,0.0,0.0
0.0,0.18168096468607176,0.0,0.0,0.0,0.0,0.044802334442332746,0.7735167008715954,0.0,0.0,0.0,0.0
0.0,0.07053936348783402,0.0,0.0,0.0,0.0,0.0,0.8919175739462684,0.0,0.02903186912162934,0.00851119344426822,0.0
0.0,0.0,0.0,0.0,0.0,0.0,0.0,0.9489247311827955,0.0,0.0,0.0,0.05107526881720446
0.0,0.0,0.19605339016518247,0.0,0.0,0.0,0.0,0.21796566221247204,0.5859809476223454,0.0,0.0,0.0
0.0,0.0,0.0,0.0,0.0,0.0,0.0,0.49803214173769317,0.5019678582623068,0.0,0.0,0.0
0.0,0.0,0.0,0.0,0.0,0.0,0.0,1.0,0.0,0.0,0.0,0.0
0.0,0.029893234459881877,0.0,0.0,0.0,0.0,0.024020573468485115,0.6903596112700197,0.0,0.0,0.005747397048394626,0.24997918375321868
0.21155871898913275,0.0,0.12967546819298895,0.0,0.0,0.0,0.26310613900207963,0.39565967381579864,0.0,0.0,0.0,0.0
0.013628490397642962,0.0,0.0,0.0,0.35152064899998825,0.0,0.6348508606023687,0.0,0.0,0.0,0.0,0.0
0.0,0.0,0.0,0.0,0.23230560147358076,0.0,0.7506298081146213,0.0,0.0,0.0,0.017064590411797847,0.0
0.0,0.0,0.0,0.0,0.0,0.17585120068705698,0.6633820308578047,0.0,0.1607667684551383,0.0,0.0,0.0
0.0,0.0,0.0,0.0,0.0,0.05205679827352662,0.2882247527440989,0.0,0.6597184489823744,0.0,0.0,0.0
0.0,0.17287844497155325,0.0,0.0,0.0,0.0,0.1410623802956059,0.6417270025244298,0.04433217220841097,0.0,0.0,0.0
0.12208279298587031,0.0,0.0,0.0,0.0,0.0,0.13723194123073168,0.6040108575945515,0.0762881168396725,0.06038629134917398,0.0,0.0
0.12291623464229873,0.11135350629161339,0.0,0.0,0.0,0.0,0.42185575322487195,0.02940680886204744,0.2741207105553795,0.04034698642378898,0.0,0.0
0.0,0.18079197000334102,0.0,0.0,0.0,0.0,0.05063912236617128,0.5721504143316805,0.0,0.0,0.19641849329880726,0.0
0.0,0.0,0.04490391423502839,0.0,0.0,0.0,0.04289129650681414,0.7944536569269488,0.0,0.11775113233120872,0.0,0.0
0.0,0.0,0.0,0.0,0.0,0.0,0.12540595788044084,0.27769190802402716,0.5969021340955319,0.0,0.0,0.0
0.0,0.0,0.0,0.0,0.0,0.0,0.0,0.0,1.0,0.0,0.0,0.0
0.01841331236705453,0.13798680270918864,0.0,0.317584471362083,0.0,0.0,0.21409200275152662,0.05733337659766167,0.2491687458836383,0.0,0.005421288328847262,0.0
0.0,0.28008990879361984,0.0,0.0,0.0,0.0,0.0,0.5648838093153697,0.0,0.0,0.03570035577052313,0.11932592612048737
0.0,0.0,0.0,0.0,0.0,0.0,0.0,0.7097983070406481,0.0,0.27017126017193616,0.0,0.020030432787415845
0.0,0.0,0.0,0.0,0.0,0.0,0.0,0.7456146505753579,0.0,0.2543853494246421,0.0,0.0
0.0,0.0,0.0,0.0,0.0,0.0,0.0,0.7352325049743252,0.0,0.1887741720571407,0.0759933229685341,0.0
0.05680762696535709,0.0,0.013616286729464291,0.0,0.0,0.0,0.10162340019361538,0.1896930325632825,0.6382596535482807,0.0,0.0,0.0
0.0,0.0,0.09800198727103714,0.0,0.0,0.0,0.0,0.5092096150025082,0.39278839772645474,0.0,0.0,0.0
0.0,0.12082117357924184,0.0,0.0,0.0,0.0,0.16705349656829213,0.43284445983611264,0.1777814023403534,0.10149946767599989,0.0,0.0
0.0,0.22912473076444542,0.0,0.0,0.0,0.0,0.0,0.4759449755104461,0.12804207189062955,0.0,0.166888221834479,0.0
0.0,0.07946861838167708,0.0,0.0,0.0,0.0,0.0,0.7891408898573562,0.0,0.13139049176096676,0.0,0.0
0.0,0.07629713568328224,0.0,0.0,0.0,0.0,0.011449658587863254,0.7885248455813602,0.0,0.1237283601474943,0.0,0.0
0.0,0.0,0.0,0.0,0.0,0.0,0.0,0.6471444491530851,0.0,0.1383220326361278,0.050856735661651435,0.16367678254913567
0.0,0.0,0.0,0.0,0.0,0.0,0.0,0.23956124298654752,0.3919621218916582,0.0,0.12944149427854584,0.23903514084324837
0.0,0.0,0.0,0.0,0.0,0.0,0.0,0.5172469416570846,0.3617242247790249,0.0,0.0,0.12102883356389052
0.0,0.0,0.0,0.0,0.0,0.0,0.0,0.49128768825872443,0.03163229031184289,0.0,0.0,0.4770800214294328
0.0,0.0,0.0,0.0,0.0,0.0,0.5224942597009095,0.0,0.14768951818207637,0.3125170402028881,0.017299181914126046,0.0
0.042426977657079416,0.0,0.0,0.0,0.3158476933071816,0.0,0.3224320639426971,0.0,0.0,0.0,0.3192932650930419,0.0
0.0,0.20177515137324875,0.0,0.0,0.0,0.0,0.19066193104754486,0.0,0.03425442686210752,0.0,0.5733084907170989,0.0
0.0031490836906170197,0.1464914587414218,0.0,0.0,0.0,0.0,0.0,0.2706103851378024,0.08935201281848203,0.23354756721638137,0.25684949239529536,0.0
0.0,0.0,0.0,0.0,0.0,0.0,0.0,0.6202366872901901,0.0,0.0,0.027013442264262524,0.3527498704455474
0.0,0.0,0.0,0.0,0.0,0.0,0.0,0.3847656276482908,0.0,0.0,0.0,0.6152343723517092
0.34185680606590774,0.0,0.0,0.0,0.0,0.0,0.46296429627612323,0.0,0.03591645217642673,0.1592624454815423,0.0,0.0
0.0,0.1898528225306968,0.0,0.0,0.0,0.0,0.0,0.46558170788892006,0.0,0.24170652705400766,0.10285894252637551,0.0
0.12409034974128302,0.0,0.0,0.0,0.0,0.0,0.29635670926892815,0.0,0.17832632602457424,0.40122661496521467,0.0,0.0
0.021054231026172484,0.0,0.0,0.0,0.0,0.0,0.7409848821768618,0.0,0.0,0.14601446104733745,0.09194642574962832,0.0
0.0,0.229380915245147,0.0,0.0,0.0,0.0,0.0,0.32714706116562087,0.0,0.07699315217270264,0.3664788714165294,0.0
0.20457864580723711,0.0,0.0,0.0,0.0,0.0,0.18071996268049906,0.0,0.6147013915122639,0.0,0.0,0.0
0.0,0.0,0.0,0.0,0.07539318898143602,0.05098695093270616,0.0,0.0,0.6931864322170875,0.0,0.18043342786877029,0.0
0.010307355970684487,0.0,0.0,0.0,0.3453584844502655,0.0,0.2432777765473953,0.0,0.0,0.022796758579811553,0.37825962445184313,0.0
0.0,0.0,0.0,0.0,0.5185156663080656,0.0,0.055660658532948,0.0,0.0,0.0,0.4258236751589864,0.0
0.0,0.059273869734798985,0.0,0.0,0.0,0.0,0.0,0.33622471664815234,0.0,0.4004207656080875,0.17843308119058204,0.02564756681837918
0.0,0.0,0.0,0.0,0.0,0.0,0.0,0.32875457413389697,0.0,0.5296241334489412,0.08274444560684928,0.05887684681031259
0.0,0.0,0.0,0.0,0.0,0.0,0.0,0.18102919469558493,0.0,0.3843665272534584,0.23617197024299655,0.19843230780796017
0.0,0.0,0.0,0.0,0.0,0.0,0.0,0.6701458144958711,0.03298836563884646,0.0,0.250925142335794,0.045940677529488536
0.0,0.0,0.0,0.0,0.0,0.0,0.0,0.4199073878840977,0.2558634588426865,0.0,0.0,0.3242291532732159
0.172419342006816,0.0035457753033522046,0.0,0.0,0.0,0.0,0.0,0.002320420439447428,0.21248042133347997,0.1326289363496232,0.4766051045672812,0.0
0.07609282102144851,0.0,0.0,0.0,0.0,0.0,0.36462100919553175,0.0,0.0,0.5592861697830197,0.0,0.0
0.1693730396750503,0.0,0.0,0.0,0.0,0.0,0.18584058696853062,0.0,0.0,0.22444601316830612,0.42034036018811294,0.0
0.0,0.19259101042574553,0.0,0.0,0.0,0.0,0.0,0.0,0.0,0.5219277993635848,0.2854811902106698,0.0
0.0,0.10340119832151126,0.0,0.0,0.0,0.0,0.0,0.0,0.0,0.6182441028234437,0.26380705739060334,0.01454764146444179
0.005580567257003621,0.0,0.0,0.0,0.0,0.0,0.0,0.0,0.2046088376720621,0.21309246948385438,0.5767181255870799,0.0
0.1433766840582434,0.0,0.0,0.0,0.0,0.0,0.0,0.0,0.27552569750946443,0.003729064157516513,0.4046567764089369,0.1727117778658388
0.2977647178294714,0.0,0.0,0.0,0.0,0.0,0.0,0.0,0.0,0.35216260741160943,0.35007267475891907,0.0
0.0,0.0,0.0,0.0,0.0,0.0,0.0,0.0,0.0,0.9250388399792852,0.0,0.07496116002071489
0.0,0.0,0.0,0.0,0.0,0.0,0.0,0.0,0.0,0.6088848342077727,0.0,0.39111516579222727
0.0,0.0,0.0,0.0,0.0,0.0,0.0,0.0,0.0,1.0,0.0,0.0
0.0,0.042688948206239495,0.0,0.0,0.0,0.0,0.0,0.0,0.0,0.9166573840620083,0.0,0.0406536677317523
0.0,0.0,0.0,0.0,0.0,0.0,0.0,0.0,0.0,0.0,1.0,0.0
0.00871504844208629,0.0629098807384475,0.0,0.0,0.0,0.0,0.0,0.0,0.02094846837419929,0.07722331040764872,0.4353374987366016,0.3948657933010166
0.15170102250719997,0.3462690652780311,0.0,0.0,0.0,0.0,0.0,0.0,0.0,0.31085246225503443,0.10590205273005558,0.08527539722967886
0.0,0.0,0.0,0.0,0.0,0.0,0.0,0.0,0.0,0.921481413196285,0.07851858680371507,0.0
0.0,0.0,0.0,0.0,0.0,0.0,0.0,0.0,0.0,0.7593546172330926,0.0,0.24064538276690742
0.4388958015511192,0.0,0.0,0.0,0.0,0.0,0.0,0.0,0.0,0.25452768738531234,0.30657651106356854,0.0
0.2387865165994737,0.0,0.0,0.0,0.0,0.0,0.0,0.0,0.0,0.5225138825472223,0.238699600853304,0.0
0.2513199562359,0.0,0.0,0.0,0.2598578503968302,0.0,0.0,0.0,0.0,0.0,0.48882219336726984,0.0
0.2881245614774322,0.0,0.0,0.0,0.0,0.0,0.0,0.0,0.27795679623978503,0.0474146967388806,0.0,0.38650394554390205
0.6203716823710375,0.004828977967950707,0.0,0.0,0.0,0.0,0.0,0.129397943024589,0.046862820145229515,0.12270365363975257,0.07583492285144078,0.0
0.6210454580927443,0.0,0.0,0.0,0.02238198330435156,0.0,0.043216025117005064,0.0,0.0,0.0,0.3133565334858991,0.0
0.03484998184488825,0.0,0.0,0.0,0.0,0.0,0.0,0.11240498717486797,0.0,0.7852080606215847,0.050815854441088625,0.016721115917570487
0.16402915915479885,0.0,0.0,0.0,0.0,0.0,0.21133330318943797,0.0,0.0,0.0,0.6246375376557632,0.0
0.12358365497473099,0.0,0.0,0.0,0.12752626985843715,0.0,0.08001197978077794,0.0,0.0,0.0,0.6688780953860539,0.0
0.0,0.0,0.0,0.0,0.0,0.0,0.022630055961715998,0.13142406874845075,0.05610700285488703,0.0,0.7898388724349462,0.0
0.0,0.0,0.0,0.0,0.0,0.0,0.0,0.0,0.18973830655278207,0.1274585987813801,0.418762600365,0.2640404943008378
0.43019767110442714,0.0,0.0,0.0,0.29628835409744064,0.0,0.0,0.0,0.0,0.021345475510040773,0.25216849928809154,0.0
0.526058062259531,0.0,0.0,0.0,0.47394193774046905,0.0,0.0,0.0,0.0,0.0,0.0,0.0
0.3649433572195701,0.0,0.0,0.0,0.4371061398972004,0.0,0.0,0.0,0.0,0.0,0.1979505028832295,0.0
0.02725681891622525,0.06335940678951293,0.0,0.0,0.0,0.0,0.0,0.0,0.0,0.25109217992612004,0.6582915943681418,0.0
0.0,0.0,0.0,0.0,0.0,0.0,0.0,0.0,0.1752201639842088,0.0,0.8247798360157912,0.0
0.032440080747541816,0.0,0.08411536437736886,0.0,0.0,0.0,0.0,0.0,0.47310017273764293,0.0,0.2794529689111572,0.13089141322628917
0.0,0.0650410349060607,0.0,0.0,0.0,0.057460715506563224,0.0,0.0,0.3994609350923255,0.0,0.3418654639328079,0.1361718505622426
0.03650296774897172,0.010893142399835597,0.0,0.0,0.0,0.0,0.0,0.0,0.0,0.012398735044035299,0.5493233357443895,0.3908818190627678
0.0,0.0,0.0,0.0,0.0,0.0,0.0,0.0,0.0,0.21282647298175328,0.23636897051655723,0.5508045565016895
0.038035938224622506,0.19957661844215754,0.0,0.0,0.2234098320741582,0.0,0.0,0.0,0.0,0.0,0.5389776112590617,0.0
0.0,0.0,0.0,0.0,0.0,0.0,0.0,0.0,0.0,0.0,0.0,1.0
0.0,0.0,0.014787191653495966,0.0,0.0,0.0,0.0,0.10620055521067005,0.0,0.0,0.0,0.8790122531358341
