scen_number;sensitivity;n_iter;walltime;PrimalResidual_ETS;PrimalResidual_MSR;PrimalResidual_EOM;PrimalResidual_REC;PrimalResidual_H2;PrimalResidual_H2CN_prod;PrimalResidual_H2CN_cap;DualResidual_ETS;DualResidual_EOM;DualResidual_REC;DualResidual_H2;DualResidual_H2CN_prod;DualResidual_H2CN_cap;Beta;EUA_2021;CumulativeEmissions;TotalCost
1;ref;1499;230.9242938;1.721869695;0.341096467;0.206586099;0.621489896;1.4587946;0;0;0.752135633;0.160003143;0.404357753;0.74938157;0;0;0.377395253;79.54968411;12733.27029;1.85E+06
13;ref;3159;6016.070554951036;0.138294579719915;0.05656831389958147;0.04072517003770366;0.062100017125102026;0.20895885929552552;0.0;0.0;0.2390882780307657;0.037732498201396146;0.1144595402228481;0.3139356850358894;0.0;0.0;1.0575972454908364e-6;80.86049592150424;11128.021401936769;1.714135112231049e6
1;ref;1499;238.7201603957168;1.721869695238835;0.34109646745226097;0.20658609854582746;0.6214898955874263;1.4587946004014873;0.0;0.0;0.75213563306813;0.1600031429625151;0.40435775303872795;0.7493815703770134;0.0;0.0;0.37739525349805847;79.54968410698616;12733.270288798885;1.8524742214947727e6
13;ref;1531;119.86498769266673;1.1895806090606438;0.06713071840239954;0.2057096954159831;0.40373360920723134;1.4656322022887558;0.0;0.0;1.4266737227833153;0.18949814936484088;0.26385919745400066;0.945605439819699;0.0;0.0;1.0575972454908364e-6;79.93619570753238;11090.829811764617;1.7008633096017418e6
1;low natural gas price;1989;161.8984257685334;6.826326411319009;2.8735560136712697;0.20656168884830062;0.27201824437211736;1.22688625059669;0.0;0.0;15.586695364323987;0.13648381208911192;0.5072000683087287;0.8872352015145466;0.0;0.0;0.377395253;85.32716936431572;12749.352429173949;1.7970124135090879e6
13;low natural gas price;1773;142.6070135643334;1.0707051308726587;0.06248821670202404;0.2067123144556571;0.36772609739028667;3.1349891618042487;0.0;0.0;0.5864750628060763;0.15367424267846802;0.7046666470197738;1.766685119800593;0.0;0.0;1.0575972454908364e-6;88.32345725577821;11117.432927366117;1.6477479781171624e6
1;high natural gas price;1499;124.13561637950006;1.7220121328101763;0.34167639986682324;0.2065834975273462;0.6215448198996539;1.4587970337031884;0.0;0.0;0.753156615798632;0.15997181277302105;0.4043504686966159;0.7493301610438698;0.0;0.0;0.377395253;79.54968829393287;12733.270244725247;1.852473752248865e6
13;high natural gas price;1531;113.83890921580004;1.1895806090606438;0.06713071840239954;0.2057096954159831;0.40373360920723134;1.4656322022887558;0.0;0.0;1.4266737227833153;0.18949814936484088;0.26385919745400066;0.945605439819699;0.0;0.0;1.0575972454908364e-6;79.93619570753238;11090.829811764617;1.7008633096017418e6
13;high natural gas price;1433;102.11142475551672;2.5467878034710294;0.05911563792141989;0.20634014655979874;0.46431138262303334;1.1257791390103769;0.0;0.0;2.707368043635401;0.19500638253365057;0.15042532536680073;1.0241507427158516;0.0;0.0;1.0575972454908364e-6;71.13540236936032;11266.626527677241;1.8149761394768495e6
1;high natural gas price;1547;123.50182823796672;3.952233757289162;0.11898832952944104;0.20629303540187882;0.1910584658994047;0.9675406638726488;0.0;0.0;3.128328024197974;0.19150002506669425;0.1176969401883296;1.2746506261516128;0.0;0.0;0.377395253;73.01597255440198;13051.937061375413;1.9586897217953715e6
13;High electrolysis buildout;1308;85.68407373158337;1.0785278601768797;0.1124233243666986;0.20523986748597747;1.0613566208119534;0.820390781657418;0.0;0.0;1.1136823188974454;0.20147883487703355;1.341616565404827;0.673139479505428;0.0;0.0;1.0575972454908364e-6;40.32732593046475;11451.197533860923;1.840699162190026e6
1;High electrolysis buildout;1488;113.79796780286672;2.1539265810102144;0.44348231528717974;0.2065208700055659;0.8160549032673946;0.39606580826466287;0.0;0.0;1.5088300386587483;0.1921840526980268;1.2843317529476552;0.24219066708324882;0.0;0.0;0.377395253;59.30582064291108;12753.091710485996;1.9894812080858867e6
13;Extreme electrolysis buildout;1196;75.17169003870004;1.2386676201275477;0.1688613278255727;0.20670784329914121;0.8142814746492273;0.18019636345266982;0.0;0.0;1.3900951495447254;0.18925079687440463;1.6306039490497304;0.10376176789364236;0.0;0.0;1.0575972454908364e-6;36.30557311500123;10725.160812668066;1.9940885848493834e6
1;Extreme electrolysis buildout;1328;97.12201188598337;1.639666505514334;0.25378703945575065;0.20579902662783947;0.8976189034761048;0.24445072008936372;0.0;0.0;1.6449556774153424;0.18181709419092829;1.4370827191928999;0.16229442189701565;0.0;0.0;0.377395253;57.53548133903197;11980.95877766183;2.136486477328121e6
13;2030 res target 50;1217;79.14527711243338;0.953810239960834;0.10846435251418261;0.20654328417483175;1.5480877652844238;0.3574385622692192;0.0;0.0;1.3120631454432408;0.15772893418090372;1.6847103540178046;1.1448197731053926;0.0;0.0;1.0575972454908364e-6;36.35017303508128;10728.02762869106;1.9945895248434353e6
1;2030 res target 50;1237;88.6458430681167;1.5902642979718815;0.16793468666101297;0.20656085998143298;1.1456175005749147;0.21620172490815426;0.0;0.0;2.0027804509073195;0.19422280726962493;1.8260842753588113;0.19774444897361237;0.0;0.0;0.377395253;57.529813020263745;11969.513896185355;2.138368455252157e6
13;2030 res target 60;1373;88.34936854483338;0.7980972267912979;0.05816271584466268;0.20610599478511346;1.8888514214014374;0.12309170350613434;0.0;0.0;1.0294935551998066;0.1751723404860916;2.453177119349605;0.09652153935038935;0.0;0.0;1.0575972454908364e-6;36.35106704227677;10731.20171288361;1.996775888803833e6
13;Expensive RES;1360;88.4611343807167;0.9942618521180396;0.1017979311754451;0.20600582081260035;1.7274718276895966;0.20077144766937893;0.0;0.0;1.0989068038599512;0.17208583067223088;2.488379465172215;0.18742829213378115;0.0;0.0;1.0575972454908364e-6;36.116389712456886;10734.476306030241;2.0268472116990695e6
1;2030 res target 60;1364;98.78039243058338;1.5049545877835333;0.05977520206759058;0.2065784636058909;1.910288999122338;0.31488085958043716;0.0;0.0;1.9662326414491844;0.20010167256723427;2.2404360413249056;0.2250537739079171;0.0;0.0;0.377395253;57.560217144830695;11985.827021897829;2.1399641899000024e6
2;ref;1378;106.54640072580005;4.497112692971629;0.16779756024332923;0.20673500172291595;1.4452595010100975;3.1632633424968204;0.011654800616122531;0.023931210242275625;3.141683105089594;0.1462052501854862;1.4289373334838948;6.3559047718400565;0.006064178196591749;0.005625028373212414;0.377395253;80.0;11908.504398240259;2.1386356844799216e6
13;Cheap RES;1373;89.02896859666672;0.7980972267912979;0.05816271584466268;0.20610599478511346;1.8888514214014374;0.12309170350613434;0.0;0.0;1.0294935551998066;0.1751723404860916;2.453177119349605;0.09652153935038935;0.0;0.0;1.0575972454908364e-6;36.35106704227677;10731.20171288361;1.996775888803833e6
1;Expensive RES;1355;99.75063685878338;1.260213888710053;0.12771503730002481;0.20642803807920138;1.5483409502848098;0.12442787114632241;0.0;0.0;1.162192804001983;0.15632817682619127;2.295905728312241;0.07570656288248041;0.0;0.0;0.377395253;57.53488194499558;11972.751039906947;2.1710042682490326e6
2;low natural gas price;1892;171.73642264235008;27.23348730420659;6.703560832482547;0.20243832028786254;0.035043491133904064;2.9129000644013936;0.00894632696872621;0.045244180232742334;35.12066754516212;0.202036061020319;0.029020429102193608;1.3483282299602275;0.007569162178185735;0.011172983031716644;0.377395253;80.0;12323.368831937994;1.9110173902710169e6
13;low demand growth;1549;99.89237125708338;0.9666808256737075;0.034632816663672135;0.17533609298787226;1.1697173534330307;0.1545951222255298;0.0;0.0;0.7062024660227832;0.09091679844420142;1.712730965195535;0.08841888951308481;0.0;0.0;1.0575972454908364e-6;34.007097418738525;10704.229917764927;1.8751694967059144e6
3;ref;1278;88.26408357193337;5.60754720637365;0.20421357634865578;0.20674753258979534;1.4484967269139526;3.7799062689265526;0.04986988398247111;0.0253079849238375;6.393665854313237;0.15722379841604409;1.9248558148517676;7.277818839815125;0.02272830994353261;0.055696645075674206;0.377395253;80.0;11906.304128361908;2.1393186390640233e6
1;Cheap RES;1364;104.35563531683337;1.5049545877835333;0.05977520206759058;0.2065784636058909;1.910288999122338;0.31488085958043716;0.0;0.0;1.9662326414491844;0.20010167256723427;2.2404360413249056;0.2250537739079171;0.0;0.0;0.377395253;57.560217144830695;11985.827021897829;2.1399641899000024e6
2;high natural gas price;1378;105.36408633896671;4.497112692971629;0.16779756024332923;0.20673500172291595;1.4452595010100975;3.1632633424968204;0.011654800616122531;0.023931210242275625;3.141683105089594;0.1462052501854862;1.4289373334838948;6.3559047718400565;0.006064178196591749;0.005625028373212414;0.377395253;80.0;11908.504398240259;2.1386356844799216e6
13;high demand growth;1373;89.83832340498337;0.7980972267912979;0.05816271584466268;0.20610599478511346;1.8888514214014374;0.12309170350613434;0.0;0.0;1.0294935551998066;0.1751723404860916;2.453177119349605;0.09652153935038935;0.0;0.0;1.0575972454908364e-6;36.35106704227677;10731.20171288361;1.996775888803833e6
1;low demand growth;1553;116.13617129761673;0.7800522981183005;0.1077826044468401;0.17537544120360612;1.2544890184683466;0.2000026790724737;0.0;0.0;1.0132432717110098;0.15117010414868842;1.720847242463612;0.24051495997099398;0.0;0.0;0.377395253;56.20414380558713;11923.613191196153;2.0137444056349378e6
3;low natural gas price;1703;137.88272199451674;4.237782410213719;0.25098969204742855;0.20604513509001868;1.0027406984954657;2.424515686372166;0.03209466128974803;0.05068074753474632;5.382995116996346;0.13777037382664947;1.5085276981155804;1.44447544665424;0.007456603828061103;0.029163258001214474;0.377395253;80.0;12318.000952046492;1.9106324339670837e6
13;expensive electrolysis;1458;92.21477708940004;0.8238075122175096;0.07217385517615801;0.20670663270214568;3.5609715007298965;0.09881342954150518;0.0;0.0;1.1447839693584743;0.18254447539966426;1.8981937054431794;0.080580884931131;0.0;0.0;1.0575972454908364e-6;36.67292643432504;10722.322076829747;2.0091150616692023e6
2;High electrolysis buildout;1349;105.89418055491673;3.7572379401477343;0.10608506316701076;0.20614267955795382;1.5359458325379085;2.7405728738902106;0.010569108299283696;0.028005406975925306;5.503055835604538;0.16988058558889943;1.431706414313599;5.387311564696745;0.025820733888154337;0.014168400888226091;0.377395253;80.0;11900.62075706436;2.141752053119205e6
3;high natural gas price;1278;84.67267066103338;5.60754720637365;0.20421357634865578;0.20674753258979534;1.4484967269139526;3.7799062689265526;0.04986988398247111;0.0253079849238375;6.393665854313237;0.15722379841604409;1.9248558148517676;7.277818839815125;0.02272830994353261;0.055696645075674206;0.377395253;80.0;11906.304128361908;2.1393186390640233e6
1;high demand growth;1364;105.09520317870005;1.5049545877835333;0.05977520206759058;0.2065784636058909;1.910288999122338;0.31488085958043716;0.0;0.0;1.9662326414491844;0.20010167256723427;2.2404360413249056;0.2250537739079171;0.0;0.0;0.377395253;57.560217144830695;11985.827021897829;2.1399641899000024e6
4;ref;1378;98.27398177445005;4.497112692971629;0.16779756024332923;0.20673500172291595;1.4452595010100975;3.1632633424968204;0.011654800616122531;0.023931210242275625;3.141683105089594;0.1462052501854862;1.4289373334838948;6.3559047718400565;0.006064178196591749;0.005625028373212414;0.377395253;80.0;11908.504398240259;2.1386356844799216e6
13;cheap electrolysis;1373;87.98398151453337;0.7980972267912979;0.05816271584466268;0.20610599478511346;1.8888514214014374;0.12309170350613434;0.0;0.0;1.0294935551998066;0.1751723404860916;2.453177119349605;0.09652153935038935;0.0;0.0;1.0575972454908364e-6;36.35106704227677;10731.20171288361;1.996775888803833e6
2;Extreme electrolysis buildout;1347;103.90696686736672;3.758689373945465;0.052748006690492975;0.20669717212659108;1.5956393441999914;1.2858710323575155;0.011966477462650178;0.02740288821871758;1.9067588388809804;0.11248935896614747;1.4342162893456145;2.4881694466504203;0.012448327048988777;0.06032585329674429;0.377395253;80.0;11898.591910097794;2.1421414510017256e6
3;High electrolysis buildout;1357;93.18496911265005;3.422926200467934;0.1606720525154985;0.2061755625097573;1.1827619226866575;1.9242645167692574;0.0450552982294516;0.028690008021111473;5.098952195346849;0.13647118814727163;1.8415847267955254;3.7931016819173786;0.010221832399582177;0.006716928851503023;0.377395253;80.0;11902.521530937685;2.1421057722297856e6
1;expensive electrolysis;1342;98.15815571161671;1.5265326289582288;0.06828940732359343;0.20662726896413275;1.9296203825717522;0.40345916542065113;0.0;0.0;1.1120227706259147;0.18325175125773663;2.3382285917564896;0.2518283087826901;0.0;0.0;0.377395253;57.45288812748834;11984.443269738053;2.1525050921253255e6
13;double CNHydrogen target 2030;1373;88.64343797648338;0.7980972267912979;0.05816271584466268;0.20610599478511346;1.8888514214014374;0.12309170350613434;0.0;0.0;1.0294935551998066;0.1751723404860916;2.453177119349605;0.09652153935038935;0.0;0.0;1.0575972454908364e-6;36.35106704227677;10731.20171288361;1.996775888803833e6
4;low natural gas price;1892;156.9820143674834;27.23348730420659;6.703560832482547;0.20243832028786254;0.035043491133904064;2.9129000644013936;0.00894632696872621;0.045244180232742334;35.12066754516212;0.202036061020319;0.029020429102193608;1.3483282299602275;0.007569162178185735;0.011172983031716644;0.377395253;80.0;12323.368831937994;1.9110173902710169e6
2;2030 res target 50;1354;104.23293266480005;3.4117775740331213;0.12648225179717554;0.20632187779387717;1.4201744438298745;1.6250712723919547;0.013360708855881824;0.028237850853190725;1.844700034442752;0.15253561927644263;1.8571369533412392;3.2665270628792302;0.032286054624890516;0.029892816102831767;0.377395253;80.0;11897.360978928731;2.1424653835948072e6
3;Extreme electrolysis buildout;1353;90.75362936966671;3.418828380840184;0.16059942499811203;0.2067600802494609;1.2957634874436512;1.5754827160197564;0.04488478386737106;0.02905022949730591;1.9525867618083008;0.11004314709387446;1.8400189349464204;3.137293126553112;0.04833355892484017;0.006795971888341215;0.377395253;80.0;11898.245532575507;2.142286819173479e6
1;cheap electrolysis;1364;97.09462827948339;1.5049545877835333;0.05977520206759058;0.2065784636058909;1.910288999122338;0.31488085958043716;0.0;0.0;1.9662326414491844;0.20010167256723427;2.2404360413249056;0.2250537739079171;0.0;0.0;0.377395253;57.560217144830695;11985.827021897829;2.1399641899000024e6
13;Low discount rate;1376;87.67357890813336;0.543471115556312;0.12489884743289885;0.20647628599433382;1.1912981393394106;0.10282361410143338;0.0;0.0;0.6382210405235502;0.1728321072288416;2.305514068682934;0.3048805931600765;0.0;0.0;1.0575972454908364e-6;51.24800061458559;10309.6697908813;2.2399333999155867e6
4;high natural gas price;1378;96.32006993278337;4.497112692971629;0.16779756024332923;0.20673500172291595;1.4452595010100975;3.1632633424968204;0.011654800616122531;0.023931210242275625;3.141683105089594;0.1462052501854862;1.4289373334838948;6.3559047718400565;0.006064178196591749;0.005625028373212414;0.377395253;80.0;11908.504398240259;2.1386356844799216e6
3;2030 res target 50;1352;92.05031052530005;3.1151681808158918;0.10964745411499811;0.20641578805269772;1.2557168572151645;1.7129188353225655;0.045129281206453126;0.026814479297449987;4.943615488887364;0.13232884374915274;2.124371874773061;3.403211241812845;0.10744903931894206;0.05903014046762822;0.377395253;80.0;11897.889553118832;2.142882146016685e6
2;2030 res target 60;1532;116.60604778800005;4.53304227966444;0.08691722009057791;0.20674789927229834;1.8406068918878238;2.143951894088895;0.030254348880971508;0.02113477463921702;3.483911033944205;0.19055549377838918;2.380938773992734;4.195141621202646;0.019014033058956117;0.04650879368714593;0.377395253;80.0;11893.257101173014;2.142531285371362e6
1;double CNHydrogen target 2030;1364;101.7896376172667;1.5049545877835333;0.05977520206759058;0.2065784636058909;1.910288999122338;0.31488085958043716;0.0;0.0;1.9662326414491844;0.20010167256723427;2.2404360413249056;0.2250537739079171;0.0;0.0;0.377395253;57.560217144830695;11985.827021897829;2.1399641899000024e6
13;High discount rate;1436;92.66447892750004;0.6251674029768397;0.19641364681073256;0.20652973435680624;2.720421955108116;0.1297183601260171;0.0;0.0;0.8744998348497416;0.2008106857266769;1.9460691761423439;0.2367600356240152;0.0;0.0;1.0575972454908364e-6;39.650725805896386;10656.078530345862;2.0390584817189707e6
4;High electrolysis buildout;1349;96.83281651500005;3.7572379401477343;0.10608506316701076;0.20614267955795382;1.5359458325379085;2.7405728738902106;0.010569108299283696;0.028005406975925306;5.503055835604538;0.16988058558889943;1.431706414313599;5.387311564696745;0.025820733888154337;0.014168400888226091;0.377395253;80.0;11900.62075706436;2.141752053119205e6
3;2030 res target 60;1657;115.08473472523339;4.41687515126011;0.18433744980097397;0.2060774904914076;1.7366394115023567;3.406121858312071;0.07485473846085719;0.018139805173428874;4.603068110008483;0.15380981695416893;2.1897711779863127;6.741661744866102;0.06129773319973498;0.03990421424541351;0.377395253;80.0;11894.03115854424;2.1420124461202817e6
2;Expensive RES;1441;111.67507156351671;3.4109522529415433;0.04571293085875312;0.20647503570524955;1.6229865436638427;1.3305527884614459;0.03181527751820712;0.023736353180887522;2.9430849317418977;0.16198293604202865;2.625952064922956;2.641512693561298;0.06520697797038243;0.012017201544314418;0.377395253;80.0;11902.007590571711;2.173911639165046e6
13;No new nuclear-biomass;1340;71.7826167588167;0.8675503137128261;0.3783706333045987;0.20588810769788882;1.2484745407118076;0.3212180850320131;0.0;0.0;1.3818935346587697;0.1758587136680007;2.4016370381370455;0.16530354458198337;0.0;0.0;1.0575972454908364e-6;39.31423669743319;10666.95403982566;2.0380094008175198e6
1;Low discount rate;1395;97.37054335110004;0.6702094131733958;0.1399363140495011;0.20625420286905;1.5384380642040123;0.195256606717667;0.0;0.0;1.0260700314758866;0.15298248775249107;2.3460351583397308;0.10383890988665417;0.0;0.0;0.377395253;75.5026512070961;11468.73505181584;2.4437695252406215e6
4;Extreme electrolysis buildout;1347;95.25122507173339;3.758689373945465;0.052748006690492975;0.20669717212659108;1.5956393441999914;1.2858710323575155;0.011966477462650178;0.02740288821871758;1.9067588388809804;0.11248935896614747;1.4342162893456145;2.4881694466504203;0.012448327048988777;0.06032585329674429;0.377395253;80.0;11898.591910097794;2.1421414510017256e6
13;Low RES buildout;1283;72.39427986193337;0.9621460794539949;0.1912853371788143;0.2066063852095595;2.342120006956752;0.289889978376675;0.0;0.0;1.3986040610077974;0.18924407752459038;2.361598496730631;0.21952757642070142;0.0;0.0;1.0575972454908364e-6;39.5273038040794;10896.363639810888;2.0723546881150303e6
3;Expensive RES;1519;106.44915339971672;4.558288364821563;0.07395398808306843;0.2063353709683119;1.6626384666588934;2.344069043016057;0.04531970055448949;0.020897443714701733;3.890316450403627;0.1760655863822016;2.413071522573445;4.531675624477094;0.10833166415092181;0.022143936258392123;0.377395253;80.0;11892.643674811861;2.173570882231706e6
1;High discount rate;1443;104.45775835040006;0.7951463376616382;0.10164260945691637;0.20660838718041535;1.6368553126538214;0.1862091235521482;0.0;0.0;1.0946226586427503;0.20568549406353254;2.1431865869359323;0.1545480485547817;0.0;0.0;0.377395253;60.503235781010176;11863.523145551066;2.1936575825838195e6
2;Cheap RES;1532;122.37416031125007;4.53304227966444;0.08691722009057791;0.20674789927229834;1.8406068918878238;2.143951894088895;0.030254348880971508;0.02113477463921702;3.483911033944205;0.19055549377838918;2.380938773992734;4.195141621202646;0.019014033058956117;0.04650879368714593;0.377395253;80.0;11893.257101173014;2.142531285371362e6
4;2030 res target 50;1354;100.65628902445005;3.4117775740331213;0.12648225179717554;0.20632187779387717;1.4201744438298745;1.6250712723919547;0.013360708855881824;0.028237850853190725;1.844700034442752;0.15253561927644263;1.8571369533412392;3.2665270628792302;0.032286054624890516;0.029892816102831767;0.377395253;80.0;11897.360978928731;2.1424653835948072e6
13;High RES buildout;1340;73.06407510025004;0.8675503137128261;0.3783706333045987;0.20588810769788882;1.2484745407118076;0.3212180850320131;0.0;0.0;1.3818935346587697;0.1758587136680007;2.4016370381370455;0.16530354458198337;0.0;0.0;1.0575972454908364e-6;39.31423669743319;10666.95403982566;2.0380094008175198e6
3;Cheap RES;1657;119.09516464096671;4.41687515126011;0.18433744980097397;0.2060774904914076;1.7366394115023567;3.406121858312071;0.07485473846085719;0.018139805173428874;4.603068110008483;0.15380981695416893;2.1897711779863127;6.741661744866102;0.06129773319973498;0.03990421424541351;0.377395253;80.0;11894.03115854424;2.1420124461202817e6
1;No new nuclear-biomass;1449;92.01475975195005;0.8983788439686231;0.06567028873469509;0.20646148969641598;1.7625793604572677;0.1651390225633506;0.0;0.0;1.0619738492581776;0.1316283949466642;2.1448346959589006;0.1368540238620849;0.0;0.0;0.377395253;60.64506510383142;11870.360093538022;2.1937473687198902e6
13;Low CNH buildout;1306;69.07226719013336;0.9080108047658987;0.22309299896637538;0.2065480376697359;1.553822447550869;0.5274616381130517;0.0;0.0;0.9037517992499194;0.18717993447591255;2.402488388121359;0.44486825290907744;0.0;0.0;1.0575972454908364e-6;39.41787690060282;10833.282460604696;2.0057062197275786e6
2;low demand growth;1682;134.31004191746672;4.7413397289356976;0.2419322602470582;0.17157572110422475;0.9662218771663258;4.948574616088406;0.023102557490433006;0.020863197702379304;6.868947435060022;0.1709911859875354;1.9369571776334782;9.553228871505285;0.025839370045941508;0.00490709252017988;0.377395253;80.0;11867.74455430785;2.0157774595175623e6
4;2030 res target 60;1532;112.24554965425006;4.53304227966444;0.08691722009057791;0.20674789927229834;1.8406068918878238;2.143951894088895;0.030254348880971508;0.02113477463921702;3.483911033944205;0.19055549377838918;2.380938773992734;4.195141621202646;0.019014033058956117;0.04650879368714593;0.377395253;80.0;11893.257101173014;2.142531285371362e6
3;low demand growth;1680;114.28758652116673;4.743356157710027;0.2667779681841455;0.16252421141312973;1.002929682212845;4.459376440212648;0.040521701272375525;0.020025412326654824;7.592082617659964;0.17150831757453378;1.9760434965480151;8.851725802845941;0.009469865742342244;0.004711679509217093;0.377395253;80.0;11870.60988464649;2.0163150356809068e6
1;Low RES buildout;1387;87.67016164823339;2.404183428368266;0.18628437545155282;0.20670795055258345;1.7876383350656135;0.4123258034839531;0.0;0.0;2.0230532489118214;0.1780906544072987;2.2031938505251563;0.16365248396993318;0.0;0.0;0.377395253;61.64515337536314;12148.879369442157;2.2196259085631566e6
13;High CNH buildout;1294;68.8574479614167;0.7504535728381279;0.1111790320350593;0.2059185204604731;1.6107487245750507;0.6556804215122771;0.0;0.0;0.9961315219041988;0.18662983802976524;2.4062985643393655;1.0849040991647578;0.0;0.0;1.0575972454908364e-6;39.44104061654424;10730.769432203664;2.0323788899653123e6
4;Expensive RES;1441;104.81438014820006;3.4109522529415433;0.04571293085875312;0.20647503570524955;1.6229865436638427;1.3305527884614459;0.03181527751820712;0.023736353180887522;2.9430849317418977;0.16198293604202865;2.625952064922956;2.641512693561298;0.06520697797038243;0.012017201544314418;0.377395253;80.0;11902.007590571711;2.173911639165046e6
2;high demand growth;1532;119.33666959463339;4.53304227966444;0.08691722009057791;0.20674789927229834;1.8406068918878238;2.143951894088895;0.030254348880971508;0.02113477463921702;3.483911033944205;0.19055549377838918;2.380938773992734;4.195141621202646;0.019014033058956117;0.04650879368714593;0.377395253;80.0;11893.257101173014;2.142531285371362e6
13;expensive SMR+CCS;1294;72.77101869120003;0.7504535728381279;0.1111790320350593;0.2059185204604731;1.6107487245750507;0.6556804215122771;0.0;0.0;0.9961315219041988;0.18662983802976524;2.4062985643393655;1.0849040991647578;0.0;0.0;1.0575972454908364e-6;39.44104061654424;10730.769432203664;2.0323788899653123e6
1;High RES buildout;1449;83.82819757158337;0.8983788439686231;0.06567028873469509;0.20646148969641598;1.7625793604572677;0.1651390225633506;0.0;0.0;1.0619738492581776;0.1316283949466642;2.1448346959589006;0.1368540238620849;0.0;0.0;0.377395253;60.64506510383142;11870.360093538022;2.1937473687198902e6
5;ref;1378;90.48721315480005;4.497112692971629;0.16779756024332923;0.20673500172291595;1.4452595010100975;3.1632633424968204;0.011654800616122531;0.023931210242275625;3.141683105089594;0.1462052501854862;1.4289373334838948;6.3559047718400565;0.006064178196591749;0.005625028373212414;0.377395253;80.0;11908.504398240259;2.1386356844799216e6
3;high demand growth;1657;115.64685422733338;4.41687515126011;0.18433744980097397;0.2060774904914076;1.7366394115023567;3.406121858312071;0.07485473846085719;0.018139805173428874;4.603068110008483;0.15380981695416893;2.1897711779863127;6.741661744866102;0.06129773319973498;0.03990421424541351;0.377395253;80.0;11894.03115854424;2.1420124461202817e6
4;Cheap RES;1532;107.54765195635005;4.53304227966444;0.08691722009057791;0.20674789927229834;1.8406068918878238;2.143951894088895;0.030254348880971508;0.02113477463921702;3.483911033944205;0.19055549377838918;2.380938773992734;4.195141621202646;0.019014033058956117;0.04650879368714593;0.377395253;80.0;11893.257101173014;2.142531285371362e6
13;expensive SMR+CCS;1294;70.68410026570002;0.7504535728381279;0.1111790320350593;0.2059185204604731;1.6107487245750507;0.6556804215122771;0.0;0.0;0.9961315219041988;0.18662983802976524;2.4062985643393655;1.0849040991647578;0.0;0.0;1.0575972454908364e-6;39.44104061654424;10730.769432203664;2.0323788899653123e6
2;expensive electrolysis;1638;132.50767824580007;3.676088724478458;0.10995234079274488;0.20655698252265736;1.2904079211221875;2.8726011862567264;0.02246716249356131;0.021780636533035545;4.659134486997062;0.13702467292218706;2.2874389774504427;5.680930968010907;0.054442325848355934;0.005134573013489569;0.377395253;80.0;11900.229847785675;2.1528826347740414e6
1;Low CNH buildout;1384;84.11072834120004;0.8404420196839678;0.11396818923615203;0.20662646343166188;1.3968877132713315;0.8652731165537495;0.0;0.0;1.0476379096141122;0.15325773464000464;2.269080178628387;1.4766102998010409;0.0;0.0;0.377395253;61.23516473415747;12085.755590584698;2.1614090546731134e6
6;ref;1378;103.98206600250005;4.497112692971629;0.16779756024332923;0.20673500172291595;1.4452595010100975;3.1632633424968204;0.011654800616122531;0.023931210242275625;3.141683105089594;0.1462052501854862;1.4289373334838948;6.3559047718400565;0.006064178196591749;0.005625028373212414;0.377395253;80.0;11908.504398240259;2.1386356844799216e6
3;expensive electrolysis;1800;124.3839109210334;5.381718869468258;0.19899450746142502;0.20626283799254452;1.206839332085497;4.916288483845116;0.032369446992411226;0.018170748456009515;4.988962445563588;0.16818337205275258;2.0913736844481186;9.686303263978877;0.07685786942433287;0.009239280948261203;0.377395253;80.0;11899.892424346104;2.1522581660858793e6
5;low natural gas price;1892;154.22879666380007;27.23348730420659;6.703560832482547;0.20243832028786254;0.035043491133904064;2.9129000644013936;0.00894632696872621;0.045244180232742334;35.12066754516212;0.202036061020319;0.029020429102193608;1.3483282299602275;0.007569162178185735;0.011172983031716644;0.377395253;80.0;12323.368831937994;1.9110173902710169e6
4;low demand growth;1682;114.60844117651672;4.7413397289356976;0.2419322602470582;0.17157572110422475;0.9662218771663258;4.948574616088406;0.023102557490433006;0.020863197702379304;6.868947435060022;0.1709911859875354;1.9369571776334782;9.553228871505285;0.025839370045941508;0.00490709252017988;0.377395253;80.0;11867.74455430785;2.0157774595175623e6
1;High CNH buildout;1458;92.00198045568338;0.7719505219204007;0.07969192471446175;0.20665902410753126;1.6493632162177767;0.4610062540359645;0.0;0.0;1.058090400689067;0.15266372611105686;2.1477889486902986;0.24920576687471402;0.0;0.0;0.377395253;60.661346171401775;11941.056188326234;2.189269796430297e6
2;cheap electrolysis;1532;118.08191769243338;4.53304227966444;0.08691722009057791;0.20674789927229834;1.8406068918878238;2.143951894088895;0.030254348880971508;0.02113477463921702;3.483911033944205;0.19055549377838918;2.380938773992734;4.195141621202646;0.019014033058956117;0.04650879368714593;0.377395253;80.0;11893.257101173014;2.142531285371362e6
5;high natural gas price;1378;98.33526742483338;4.497112692971629;0.16779756024332923;0.20673500172291595;1.4452595010100975;3.1632633424968204;0.011654800616122531;0.023931210242275625;3.141683105089594;0.1462052501854862;1.4289373334838948;6.3559047718400565;0.006064178196591749;0.005625028373212414;0.377395253;80.0;11908.504398240259;2.1386356844799216e6
3;cheap electrolysis;1657;116.47318708683339;4.41687515126011;0.18433744980097397;0.2060774904914076;1.7366394115023567;3.406121858312071;0.07485473846085719;0.018139805173428874;4.603068110008483;0.15380981695416893;2.1897711779863127;6.741661744866102;0.06129773319973498;0.03990421424541351;0.377395253;80.0;11894.03115854424;2.1420124461202817e6
6;low natural gas price;1892;165.08422929458342;27.23348730420659;6.703560832482547;0.20243832028786254;0.035043491133904064;2.9129000644013936;0.00894632696872621;0.045244180232742334;35.12066754516212;0.202036061020319;0.029020429102193608;1.3483282299602275;0.007569162178185735;0.011172983031716644;0.377395253;80.0;12323.368831937994;1.9110173902710169e6
4;high demand growth;1532;107.47886572816672;4.53304227966444;0.08691722009057791;0.20674789927229834;1.8406068918878238;2.143951894088895;0.030254348880971508;0.02113477463921702;3.483911033944205;0.19055549377838918;2.380938773992734;4.195141621202646;0.019014033058956117;0.04650879368714593;0.377395253;80.0;11893.257101173014;2.142531285371362e6
1;expensive SMR+CCS;1458;90.08145672593338;0.7719505219204007;0.07969192471446175;0.20665902410753126;1.6493632162177767;0.4610062540359645;0.0;0.0;1.058090400689067;0.15266372611105686;2.1477889486902986;0.24920576687471402;0.0;0.0;0.377395253;60.661346171401775;11941.056188326234;2.189269796430297e6
2;double CNHydrogen target 2030;1557;123.0571217433834;4.1074688785838;0.2129275006782863;0.20649263111852914;1.7948564936450455;2.6747599303196647;0.02794601581913338;0.2655655793282113;4.415903878433264;0.18893058751212594;2.3642926797796444;5.305104613681665;0.05751558569474836;0.14149589634927556;0.377395253;80.0;11884.770457004828;2.1457431520734625e6
5;High electrolysis buildout;1349;102.11024342233337;3.7572379401477343;0.10608506316701076;0.20614267955795382;1.5359458325379085;2.7405728738902106;0.010569108299283696;0.028005406975925306;5.503055835604538;0.16988058558889943;1.431706414313599;5.387311564696745;0.025820733888154337;0.014168400888226091;0.377395253;80.0;11900.62075706436;2.141752053119205e6
3;double CNHydrogen target 2030;1558;112.96927188385006;4.104385340277752;0.11556409108331221;0.20639770372313482;1.8863889147378314;2.610426581285608;0.04593002020898054;0.2615223206307161;3.8912140497845433;0.17510434360578103;2.3639424814829813;5.153965266166086;0.018002786521768847;0.13921875546408533;0.377395253;80.0;11883.18132658969;2.1459697159571797e6
6;high natural gas price;1378;101.45321205005006;4.497112692971629;0.16779756024332923;0.20673500172291595;1.4452595010100975;3.1632633424968204;0.011654800616122531;0.023931210242275625;3.141683105089594;0.1462052501854862;1.4289373334838948;6.3559047718400565;0.006064178196591749;0.005625028373212414;0.377395253;80.0;11908.504398240259;2.1386356844799216e6
4;expensive electrolysis;1638;115.92188448521672;3.676088724478458;0.10995234079274488;0.20655698252265736;1.2904079211221875;2.8726011862567264;0.02246716249356131;0.021780636533035545;4.659134486997062;0.13702467292218706;2.2874389774504427;5.680930968010907;0.054442325848355934;0.005134573013489569;0.377395253;80.0;11900.229847785675;2.1528826347740414e6
1;expensive SMR+CCS;1458;91.02364960723338;0.7719505219204007;0.07969192471446175;0.20665902410753126;1.6493632162177767;0.4610062540359645;0.0;0.0;1.058090400689067;0.15266372611105686;2.1477889486902986;0.24920576687471402;0.0;0.0;0.377395253;60.661346171401775;11941.056188326234;2.189269796430297e6
2;Low discount rate;1336;106.19546642493339;3.368464797187562;0.18320645052564127;0.19277660113756198;1.330538970440017;4.54517845232254;0.027786344636687957;0.319683615451356;6.009619035799107;0.18754633638916932;2.5652893871522475;8.626716285287081;0.006755335215743065;0.6613056197831318;0.377395253;80.0;11324.863900817058;2.4418761849063262e6
3;Low discount rate;1282;85.91466390143337;3.101757291764248;0.23589878617299057;0.20516716528591308;1.3914697014573414;5.161617265856948;0.04841023892147796;0.34156707698543637;5.756325671952387;0.2029645128277739;2.6090403330907654;8.966466973102111;0.010778324875463867;0.7060190550382388;0.377395253;80.0;11317.79499767581;2.4421346391316713e6
5;Extreme electrolysis buildout;1347;99.16297011130004;3.758689373945465;0.052748006690492975;0.20669717212659108;1.5956393441999914;1.2858710323575155;0.011966477462650178;0.02740288821871758;1.9067588388809804;0.11248935896614747;1.4342162893456145;2.4881694466504203;0.012448327048988777;0.06032585329674429;0.377395253;80.0;11898.591910097794;2.1421414510017256e6
6;High electrolysis buildout;1349;99.35740289563338;3.7572379401477343;0.10608506316701076;0.20614267955795382;1.5359458325379085;2.7405728738902106;0.010569108299283696;0.028005406975925306;5.503055835604538;0.16988058558889943;1.431706414313599;5.387311564696745;0.025820733888154337;0.014168400888226091;0.377395253;80.0;11900.62075706436;2.141752053119205e6
4;cheap electrolysis;1532;106.94245617831672;4.53304227966444;0.08691722009057791;0.20674789927229834;1.8406068918878238;2.143951894088895;0.030254348880971508;0.02113477463921702;3.483911033944205;0.19055549377838918;2.380938773992734;4.195141621202646;0.019014033058956117;0.04650879368714593;0.377395253;80.0;11893.257101173014;2.142531285371362e6
2;High discount rate;1455;112.04591759105006;4.194262433485578;0.26056802254770717;0.20647514359679545;1.5417713573456415;2.8845310806749755;0.02980798939608454;0.28405752275235396;5.374195254631845;0.15189964167480566;2.5242306880243928;5.550112151035939;0.029609804376120073;0.07186596372251833;0.377395253;80.0;11786.092519223204;2.203507367896306e6
3;High discount rate;1527;103.32841242278339;3.784968453010323;0.20997146721928173;0.20581376812562624;1.6635760004346776;2.4497650756280005;0.04303928946590576;0.2539046284474527;4.264903259015401;0.1425268607231203;2.3453550663493488;4.789734171140778;0.06546637257183364;0.5592318301966426;0.377395253;80.0;11778.659912579398;2.203139914710503e6
5;2030 res target 50;1354;105.50652022815005;3.4117775740331213;0.12648225179717554;0.20632187779387717;1.4201744438298745;1.6250712723919547;0.013360708855881824;0.028237850853190725;1.844700034442752;0.15253561927644263;1.8571369533412392;3.2665270628792302;0.032286054624890516;0.029892816102831767;0.377395253;80.0;11897.360978928731;2.1424653835948072e6
6;Extreme electrolysis buildout;1347;101.03752687313339;3.758689373945465;0.052748006690492975;0.20669717212659108;1.5956393441999914;1.2858710323575155;0.011966477462650178;0.02740288821871758;1.9067588388809804;0.11248935896614747;1.4342162893456145;2.4881694466504203;0.012448327048988777;0.06032585329674429;0.377395253;80.0;11898.591910097794;2.1421414510017256e6
4;double CNHydrogen target 2030;1557;107.41185095105006;4.1074688785838;0.2129275006782863;0.20649263111852914;1.7948564936450455;2.6747599303196647;0.02794601581913338;0.2655655793282113;4.415903878433264;0.18893058751212594;2.3642926797796444;5.305104613681665;0.05751558569474836;0.14149589634927556;0.377395253;80.0;11884.770457004828;2.1457431520734625e6
3;No new nuclear-biomass;1602;90.22070024431672;4.995546807677535;0.3336445489212048;0.20598942145297375;2.3903831901648913;5.691019955333458;0.04956404495308404;0.23200507054507813;9.782618005873683;0.1931059183864793;2.323548918675134;11.181287480243178;0.052734714031354574;0.24442224633100076;0.377395253;80.0;11774.876875378523;2.2033859840394985e6
2;No new nuclear-biomass;1586;96.75177564948338;4.971749694115604;0.26441853185285785;0.2047778720351968;1.893022283494774;6.110546030342685;0.027919558346019484;0.24105338212177693;8.62794422499306;0.19329225700706953;2.276397973442952;11.967903565666193;0.03045446331961529;0.05737643542621718;0.377395253;80.0;11780.40604451813;2.203117537295285e6
6;2030 res target 50;1354;100.07940541548338;3.4117775740331213;0.12648225179717554;0.20632187779387717;1.4201744438298745;1.6250712723919547;0.013360708855881824;0.028237850853190725;1.844700034442752;0.15253561927644263;1.8571369533412392;3.2665270628792302;0.032286054624890516;0.029892816102831767;0.377395253;80.0;11897.360978928731;2.1424653835948072e6
5;2030 res target 60;1532;117.74135724495005;4.53304227966444;0.08691722009057791;0.20674789927229834;1.8406068918878238;2.143951894088895;0.030254348880971508;0.02113477463921702;3.483911033944205;0.19055549377838918;2.380938773992734;4.195141621202646;0.019014033058956117;0.04650879368714593;0.377395253;80.0;11893.257101173014;2.142531285371362e6
4;Low discount rate;1336;89.56978889740004;3.368464797187562;0.18320645052564127;0.19277660113756198;1.330538970440017;4.54517845232254;0.027786344636687957;0.319683615451356;6.009619035799107;0.18754633638916932;2.5652893871522475;8.626716285287081;0.006755335215743065;0.6613056197831318;0.377395253;80.0;11324.863900817058;2.4418761849063262e6
3;Low RES buildout;1502;88.23168990536671;3.86598719666545;0.14960625838451203;0.20622407252298994;3.2050446427963717;0.9765564524294844;0.059680607694705144;0.253172562426004;2.0300362622141264;0.17968698816341352;2.6336285557700583;0.7925821372269629;0.030042013586364786;0.12223337586256823;0.377395253;80.0;12195.005884500304;2.204535696921634e6
2;Low RES buildout;1446;98.08324448648338;4.6339903815536925;0.16104727687076678;0.2064535464099375;2.6980388915662843;0.7626915833156338;0.03250758819270334;0.26784326210102916;2.5702988625828134;0.17583939948522895;2.6285371449053097;1.4351242828730335;0.06717439474502934;0.2903414716260127;0.377395253;80.0;12193.589957862609;2.204116780801635e6
5;Expensive RES;1441;114.86120286346673;3.4109522529415433;0.04571293085875312;0.20647503570524955;1.6229865436638427;1.3305527884614459;0.03181527751820712;0.023736353180887522;2.9430849317418977;0.16198293604202865;2.625952064922956;2.641512693561298;0.06520697797038243;0.012017201544314418;0.377395253;80.0;11902.007590571711;2.173911639165046e6
6;2030 res target 60;1532;115.94229686831673;4.53304227966444;0.08691722009057791;0.20674789927229834;1.8406068918878238;2.143951894088895;0.030254348880971508;0.02113477463921702;3.483911033944205;0.19055549377838918;2.380938773992734;4.195141621202646;0.019014033058956117;0.04650879368714593;0.377395253;80.0;11893.257101173014;2.142531285371362e6
4;High discount rate;1455;99.87791296296672;4.194262433485578;0.26056802254770717;0.20647514359679545;1.5417713573456415;2.8845310806749755;0.02980798939608454;0.28405752275235396;5.374195254631845;0.15189964167480566;2.5242306880243928;5.550112151035939;0.029609804376120073;0.07186596372251833;0.377395253;80.0;11786.092519223204;2.203507367896306e6
3;High RES buildout;1602;90.92892836388337;4.995546807677535;0.3336445489212048;0.20598942145297375;2.3903831901648913;5.691019955333458;0.04956404495308404;0.23200507054507813;9.782618005873683;0.1931059183864793;2.323548918675134;11.181287480243178;0.052734714031354574;0.24442224633100076;0.377395253;80.0;11774.876875378523;2.2033859840394985e6
2;High RES buildout;1586;101.82529610890005;4.971749694115604;0.26441853185285785;0.2047778720351968;1.893022283494774;6.110546030342685;0.027919558346019484;0.24105338212177693;8.62794422499306;0.19329225700706953;2.276397973442952;11.967903565666193;0.03045446331961529;0.05737643542621718;0.377395253;80.0;11780.40604451813;2.203117537295285e6
4;No new nuclear-biomass;1586;87.07174804428337;4.971749694115604;0.26441853185285785;0.2047778720351968;1.893022283494774;6.110546030342685;0.027919558346019484;0.24105338212177693;8.62794422499306;0.19329225700706953;2.276397973442952;11.967903565666193;0.03045446331961529;0.05737643542621718;0.377395253;80.0;11780.40604451813;2.203117537295285e6
5;Cheap RES;1532;113.42993324546673;4.53304227966444;0.08691722009057791;0.20674789927229834;1.8406068918878238;2.143951894088895;0.030254348880971508;0.02113477463921702;3.483911033944205;0.19055549377838918;2.380938773992734;4.195141621202646;0.019014033058956117;0.04650879368714593;0.377395253;80.0;11893.257101173014;2.142531285371362e6
6;Expensive RES;1441;110.28447799105005;3.4109522529415433;0.04571293085875312;0.20647503570524955;1.6229865436638427;1.3305527884614459;0.03181527751820712;0.023736353180887522;2.9430849317418977;0.16198293604202865;2.625952064922956;2.641512693561298;0.06520697797038243;0.012017201544314418;0.377395253;80.0;11902.007590571711;2.173911639165046e6
3;Low CNH buildout;1579;87.32567824721671;4.972135107139943;0.262798799394468;0.20482931413786712;2.1017175020607923;6.168505615080171;0.05261732284725998;0.23585199807551077;9.59206310509003;0.1938457401118186;2.3353343608602986;11.937614638903584;0.031207874492388172;0.2521262640002885;0.377395253;80.0;11781.508619328704;2.203152356266444e6
4;Low RES buildout;1446;85.35637600750005;4.6339903815536925;0.16104727687076678;0.2064535464099375;2.6980388915662843;0.7626915833156338;0.03250758819270334;0.26784326210102916;2.5702988625828134;0.17583939948522895;2.6285371449053097;1.4351242828730335;0.06717439474502934;0.2903414716260127;0.377395253;80.0;12193.589957862609;2.204116780801635e6
2;Low CNH buildout;1604;106.57220215531672;5.4073440563398805;0.33331778591501393;0.20591694093385327;2.2299197138175573;5.718294603494369;0.0282176682116951;0.23332014443968063;9.065624839979538;0.20078807600716791;2.1588167784249515;11.271884011346732;0.030835283144353662;0.2453245160851869;0.377395253;80.0;11775.012402509336;2.203240379731136e6
7;ref;2075;3688.9304662502186;15.92951449278478;1.24717726158624;0.20631129730006556;0.1772982196051989;0.7319475290658187;0.0;0.0;32.12212795126823;0.15068127039223164;0.3025099913626667;0.6195960626627788;0.0;0.0;0.0006592611978484645;80.50731243632768;11605.649350510512;1.7686282012522991e6
5;low demand growth;1682;124.06208865480006;4.7413397289356976;0.2419322602470582;0.17157572110422475;0.9662218771663258;4.948574616088406;0.023102557490433006;0.020863197702379304;6.868947435060022;0.1709911859875354;1.9369571776334782;9.553228871505285;0.025839370045941508;0.00490709252017988;0.377395253;80.0;11867.74455430785;2.0157774595175623e6
6;Cheap RES;1532;118.50280429215006;4.53304227966444;0.08691722009057791;0.20674789927229834;1.8406068918878238;2.143951894088895;0.030254348880971508;0.02113477463921702;3.483911033944205;0.19055549377838918;2.380938773992734;4.195141621202646;0.019014033058956117;0.04650879368714593;0.377395253;80.0;11893.257101173014;2.142531285371362e6
3;High CNH buildout;1602;93.48756347235005;4.992427113487757;0.31719287643254346;0.20550676543156315;2.1863042445874865;5.714078626978922;0.05022021807897582;0.23208364392518033;9.832037965411475;0.18840080400277592;2.3242307992131463;11.252315624971287;0.024967424362425574;0.24461497823333292;0.377395253;80.0;11774.775754752069;2.2033778464485644e6
4;High RES buildout;1586;89.43773668205003;4.971749694115604;0.26441853185285785;0.2047778720351968;1.893022283494774;6.110546030342685;0.027919558346019484;0.24105338212177693;8.62794422499306;0.19329225700706953;2.276397973442952;11.967903565666193;0.03045446331961529;0.05737643542621718;0.377395253;80.0;11780.40604451813;2.203117537295285e6
2;High CNH buildout;1586;98.70041889508339;4.959618494851868;0.29933730173308043;0.20563124867442534;1.8932843677037468;6.148316514270359;0.027920684868252655;0.23672481868272371;8.395461425513131;0.2004906163147779;2.2763768947981937;11.961144774898948;0.030453216647681667;0.2513395165377543;0.377395253;80.0;11780.455916756599;2.203136180853266e6
5;high demand growth;1532;107.15789562168338;4.53304227966444;0.08691722009057791;0.20674789927229834;1.8406068918878238;2.143951894088895;0.030254348880971508;0.02113477463921702;3.483911033944205;0.19055549377838918;2.380938773992734;4.195141621202646;0.019014033058956117;0.04650879368714593;0.377395253;80.0;11893.257101173014;2.142531285371362e6
3;expensive SMR+CCS;1602;87.88301889870004;4.992427113487757;0.31719287643254346;0.20550676543156315;2.1863042445874865;5.714078626978922;0.05022021807897582;0.23208364392518033;9.832037965411475;0.18840080400277592;2.3242307992131463;11.252315624971287;0.024967424362425574;0.24461497823333292;0.377395253;80.0;11774.775754752069;2.2033778464485644e6
6;low demand growth;1682;125.50251292218339;4.7413397289356976;0.2419322602470582;0.17157572110422475;0.9662218771663258;4.948574616088406;0.023102557490433006;0.020863197702379304;6.868947435060022;0.1709911859875354;1.9369571776334782;9.553228871505285;0.025839370045941508;0.00490709252017988;0.377395253;80.0;11867.74455430785;2.0157774595175623e6
7;low natural gas price;1980;168.0781720001501;17.26531997049948;1.1097077285640558;0.20268105873373904;0.4857715569455415;1.4647351876630619;0.0;0.0;31.870906057741973;0.19848825912765924;0.43800425251456143;0.9261999128125351;0.0;0.0;0.0006592611978484645;87.48253579812058;11602.394376759754;1.7165153734359087e6
4;Low CNH buildout;1604;93.01541697663338;5.4073440563398805;0.33331778591501393;0.20591694093385327;2.2299197138175573;5.718294603494369;0.0282176682116951;0.23332014443968063;9.065624839979538;0.20078807600716791;2.1588167784249515;11.271884011346732;0.030835283144353662;0.2453245160851869;0.377395253;80.0;11775.012402509336;2.203240379731136e6
2;expensive SMR+CCS;1586;103.08741803240005;4.959618494851868;0.29933730173308043;0.20563124867442534;1.8932843677037468;6.148316514270359;0.027920684868252655;0.23672481868272371;8.395461425513131;0.2004906163147779;2.2763768947981937;11.961144774898948;0.030453216647681667;0.2513395165377543;0.377395253;80.0;11780.455916756599;2.203136180853266e6
19;ref;1546;3695.3055521302354;1.3705552260331855;0.07756693098506028;0.20646226648720373;0.37805695751792867;1.2564837941982967;0.0;0.0;1.76357862276134;0.20437431385399696;0.3292897027007878;0.6671258423599892;0.0;0.0;1.7343482202980175e-9;80.8949967700653;10962.966989002925;1.658942809783177e6
5;expensive electrolysis;1638;114.13268219188338;3.676088724478458;0.10995234079274488;0.20655698252265736;1.2904079211221875;2.8726011862567264;0.02246716249356131;0.021780636533035545;4.659134486997062;0.13702467292218706;2.2874389774504427;5.680930968010907;0.054442325848355934;0.005134573013489569;0.377395253;80.0;11900.229847785675;2.1528826347740414e6
3;expensive SMR+CCS;1602;89.01797896166671;4.992427113487757;0.31719287643254346;0.20550676543156315;2.1863042445874865;5.714078626978922;0.05022021807897582;0.23208364392518033;9.832037965411475;0.18840080400277592;2.3242307992131463;11.252315624971287;0.024967424362425574;0.24461497823333292;0.377395253;80.0;11774.775754752069;2.2033778464485644e6
6;high demand growth;1532;117.81909245700005;4.53304227966444;0.08691722009057791;0.20674789927229834;1.8406068918878238;2.143951894088895;0.030254348880971508;0.02113477463921702;3.483911033944205;0.19055549377838918;2.380938773992734;4.195141621202646;0.019014033058956117;0.04650879368714593;0.377395253;80.0;11893.257101173014;2.142531285371362e6
4;High CNH buildout;1586;87.07185892873336;4.959618494851868;0.29933730173308043;0.20563124867442534;1.8932843677037468;6.148316514270359;0.027920684868252655;0.23672481868272371;8.395461425513131;0.2004906163147779;2.2763768947981937;11.961144774898948;0.030453216647681667;0.2513395165377543;0.377395253;80.0;11780.455916756599;2.203136180853266e6
7;high natural gas price;2075;167.7531007066501;15.92951449278478;1.24717726158624;0.20631129730006556;0.1772982196051989;0.7319475290658187;0.0;0.0;32.12212795126823;0.15068127039223164;0.3025099913626667;0.6195960626627788;0.0;0.0;0.0006592611978484645;80.50731243632768;11605.649350510512;1.7686282012522991e6
2;expensive SMR+CCS;1586;104.16399659028339;4.959618494851868;0.29933730173308043;0.20563124867442534;1.8932843677037468;6.148316514270359;0.027920684868252655;0.23672481868272371;8.395461425513131;0.2004906163147779;2.2763768947981937;11.961144774898948;0.030453216647681667;0.2513395165377543;0.377395253;80.0;11780.455916756599;2.203136180853266e6
5;cheap electrolysis;1532;108.01838930445005;4.53304227966444;0.08691722009057791;0.20674789927229834;1.8406068918878238;2.143951894088895;0.030254348880971508;0.02113477463921702;3.483911033944205;0.19055549377838918;2.380938773992734;4.195141621202646;0.019014033058956117;0.04650879368714593;0.377395253;80.0;11893.257101173014;2.142531285371362e6
19;low natural gas price;1712;136.7404854887334;0.5770924758712488;0.1045221731622097;0.20086035185421613;0.3279519579648153;3.3360132926998673;0.0;0.0;0.4513999458656497;0.20657971019910013;0.6195213684175906;1.7693266969845287;0.0;0.0;1.7343482202980175e-9;89.73308882846469;10952.985406659755;1.6003542004088724e6
4;expensive SMR+CCS;1586;91.33338974781671;4.959618494851868;0.29933730173308043;0.20563124867442534;1.8932843677037468;6.148316514270359;0.027920684868252655;0.23672481868272371;8.395461425513131;0.2004906163147779;2.2763768947981937;11.961144774898948;0.030453216647681667;0.2513395165377543;0.377395253;80.0;11780.455916756599;2.203136180853266e6
6;expensive electrolysis;1638;117.08109371040005;3.676088724478458;0.10995234079274488;0.20655698252265736;1.2904079211221875;2.8726011862567264;0.02246716249356131;0.021780636533035545;4.659134486997062;0.13702467292218706;2.2874389774504427;5.680930968010907;0.054442325848355934;0.005134573013489569;0.377395253;80.0;11900.229847785675;2.1528826347740414e6
19;high natural gas price;1546;118.58149632548339;1.3705552260331855;0.07756693098506028;0.20646226648720373;0.37805695751792867;1.2564837941982967;0.0;0.0;1.76357862276134;0.20437431385399696;0.3292897027007878;0.6671258423599892;0.0;0.0;1.7343482202980175e-9;80.8949967700653;10962.966989002925;1.658942809783177e6
5;double CNHydrogen target 2030;1557;116.30726392163339;4.1074688785838;0.2129275006782863;0.20649263111852914;1.7948564936450455;2.6747599303196647;0.02794601581913338;0.2655655793282113;4.415903878433264;0.18893058751212594;2.3642926797796444;5.305104613681665;0.05751558569474836;0.14149589634927556;0.377395253;80.0;11884.770457004828;2.1457431520734625e6
4;expensive SMR+CCS;1586;85.09614616458337;4.959618494851868;0.29933730173308043;0.20563124867442534;1.8932843677037468;6.148316514270359;0.027920684868252655;0.23672481868272371;8.395461425513131;0.2004906163147779;2.2763768947981937;11.961144774898948;0.030453216647681667;0.2513395165377543;0.377395253;80.0;11780.455916756599;2.203136180853266e6
6;cheap electrolysis;1532;110.91541987055005;4.53304227966444;0.08691722009057791;0.20674789927229834;1.8406068918878238;2.143951894088895;0.030254348880971508;0.02113477463921702;3.483911033944205;0.19055549377838918;2.380938773992734;4.195141621202646;0.019014033058956117;0.04650879368714593;0.377395253;80.0;11893.257101173014;2.142531285371362e6
5;Low discount rate;1336;93.64855197023338;3.368464797187562;0.18320645052564127;0.19277660113756198;1.330538970440017;4.54517845232254;0.027786344636687957;0.319683615451356;6.009619035799107;0.18754633638916932;2.5652893871522475;8.626716285287081;0.006755335215743065;0.6613056197831318;0.377395253;80.0;11324.863900817058;2.4418761849063262e6
6;double CNHydrogen target 2030;1557;120.80878212846672;4.1074688785838;0.2129275006782863;0.20649263111852914;1.7948564936450455;2.6747599303196647;0.02794601581913338;0.2655655793282113;4.415903878433264;0.18893058751212594;2.3642926797796444;5.305104613681665;0.05751558569474836;0.14149589634927556;0.377395253;80.0;11884.770457004828;2.1457431520734625e6
5;High discount rate;1455;107.86546117125005;4.194262433485578;0.26056802254770717;0.20647514359679545;1.5417713573456415;2.8845310806749755;0.02980798939608454;0.28405752275235396;5.374195254631845;0.15189964167480566;2.5242306880243928;5.550112151035939;0.029609804376120073;0.07186596372251833;0.377395253;80.0;11786.092519223204;2.203507367896306e6
6;Low discount rate;1336;98.78828756045004;3.368464797187562;0.18320645052564127;0.19277660113756198;1.330538970440017;4.54517845232254;0.027786344636687957;0.319683615451356;6.009619035799107;0.18754633638916932;2.5652893871522475;8.626716285287081;0.006755335215743065;0.6613056197831318;0.377395253;80.0;11324.863900817058;2.4418761849063262e6
5;No new nuclear-biomass;1586;96.61006848705004;4.971749694115604;0.26441853185285785;0.2047778720351968;1.893022283494774;6.110546030342685;0.027919558346019484;0.24105338212177693;8.62794422499306;0.19329225700706953;2.276397973442952;11.967903565666193;0.03045446331961529;0.05737643542621718;0.377395253;80.0;11780.40604451813;2.203117537295285e6
6;High discount rate;1455;101.65136887585005;4.194262433485578;0.26056802254770717;0.20647514359679545;1.5417713573456415;2.8845310806749755;0.02980798939608454;0.28405752275235396;5.374195254631845;0.15189964167480566;2.5242306880243928;5.550112151035939;0.029609804376120073;0.07186596372251833;0.377395253;80.0;11786.092519223204;2.203507367896306e6
5;Low RES buildout;1446;91.56036582438337;4.6339903815536925;0.16104727687076678;0.2064535464099375;2.6980388915662843;0.7626915833156338;0.03250758819270334;0.26784326210102916;2.5702988625828134;0.17583939948522895;2.6285371449053097;1.4351242828730335;0.06717439474502934;0.2903414716260127;0.377395253;80.0;12193.589957862609;2.204116780801635e6
6;No new nuclear-biomass;1586;91.17810541305003;4.971749694115604;0.26441853185285785;0.2047778720351968;1.893022283494774;6.110546030342685;0.027919558346019484;0.24105338212177693;8.62794422499306;0.19329225700706953;2.276397973442952;11.967903565666193;0.03045446331961529;0.05737643542621718;0.377395253;80.0;11780.40604451813;2.203117537295285e6
5;High RES buildout;1586;96.71177331933337;4.971749694115604;0.26441853185285785;0.2047778720351968;1.893022283494774;6.110546030342685;0.027919558346019484;0.24105338212177693;8.62794422499306;0.19329225700706953;2.276397973442952;11.967903565666193;0.03045446331961529;0.05737643542621718;0.377395253;80.0;11780.40604451813;2.203117537295285e6
6;Low RES buildout;1446;91.8685678042667;4.6339903815536925;0.16104727687076678;0.2064535464099375;2.6980388915662843;0.7626915833156338;0.03250758819270334;0.26784326210102916;2.5702988625828134;0.17583939948522895;2.6285371449053097;1.4351242828730335;0.06717439474502934;0.2903414716260127;0.377395253;80.0;12193.589957862609;2.204116780801635e6
5;Low CNH buildout;1604;95.20777512761671;5.4073440563398805;0.33331778591501393;0.20591694093385327;2.2299197138175573;5.718294603494369;0.0282176682116951;0.23332014443968063;9.065624839979538;0.20078807600716791;2.1588167784249515;11.271884011346732;0.030835283144353662;0.2453245160851869;0.377395253;80.0;11775.012402509336;2.203240379731136e6
6;High RES buildout;1586;100.03051854311671;4.971749694115604;0.26441853185285785;0.2047778720351968;1.893022283494774;6.110546030342685;0.027919558346019484;0.24105338212177693;8.62794422499306;0.19329225700706953;2.276397973442952;11.967903565666193;0.03045446331961529;0.05737643542621718;0.377395253;80.0;11780.40604451813;2.203117537295285e6
5;High CNH buildout;1586;95.67779842530005;4.959618494851868;0.29933730173308043;0.20563124867442534;1.8932843677037468;6.148316514270359;0.027920684868252655;0.23672481868272371;8.395461425513131;0.2004906163147779;2.2763768947981937;11.961144774898948;0.030453216647681667;0.2513395165377543;0.377395253;80.0;11780.455916756599;2.203136180853266e6
6;Low CNH buildout;1604;105.29839748723339;5.4073440563398805;0.33331778591501393;0.20591694093385327;2.2299197138175573;5.718294603494369;0.0282176682116951;0.23332014443968063;9.065624839979538;0.20078807600716791;2.1588167784249515;11.271884011346732;0.030835283144353662;0.2453245160851869;0.377395253;80.0;11775.012402509336;2.203240379731136e6
5;expensive SMR+CCS;1586;95.84340025271672;4.959618494851868;0.29933730173308043;0.20563124867442534;1.8932843677037468;6.148316514270359;0.027920684868252655;0.23672481868272371;8.395461425513131;0.2004906163147779;2.2763768947981937;11.961144774898948;0.030453216647681667;0.2513395165377543;0.377395253;80.0;11780.455916756599;2.203136180853266e6
6;High CNH buildout;1586;97.44695481183338;4.959618494851868;0.29933730173308043;0.20563124867442534;1.8932843677037468;6.148316514270359;0.027920684868252655;0.23672481868272371;8.395461425513131;0.2004906163147779;2.2763768947981937;11.961144774898948;0.030453216647681667;0.2513395165377543;0.377395253;80.0;11780.455916756599;2.203136180853266e6
5;expensive SMR+CCS;1586;101.13717997956672;4.959618494851868;0.29933730173308043;0.20563124867442534;1.8932843677037468;6.148316514270359;0.027920684868252655;0.23672481868272371;8.395461425513131;0.2004906163147779;2.2763768947981937;11.961144774898948;0.030453216647681667;0.2513395165377543;0.377395253;80.0;11780.455916756599;2.203136180853266e6
